{
    "$schema": "https://www.fnac.com/json-schema/digital-data/custom-ceddl-01",
    "pageInstanceID": "production-fnaccom-fr-fr-FR-a18573408",
    "page": {
        "pageInfo": {
            "pageID": "a18573408",
            "pageName": "Apple iPhone 15 6,1\" 5G Double SIM 128 Go Noir",
            "sysEnv": "FCS1WPWEBFR10",
            "breadCrumbs": [
                "Accueil",
                "Smartphones et Objets Connectés",
                "iPhone",
                "Apple iPhone 15 6,1\" 5G Double SIM 128 Go Noir"
            ],
            "version": "22.1.24297.6",
            "issueDate": "2024-10-28T05:21:09.8070248Z",
            "destinationURL": "https://www.fnac.com/Apple-iPhone-15-6-1-5G-Double-SIM-128-Go-Noir/a18573408/w-4",
            "language": "fr-FR"
        },
        "attributes": {
            "environment": "production",
            "deviceType": "desktop-web",
            "siteID": "fnaccom",
            "marketID": "fr",
            "statusCode": 200,
            "statusText": "OK",
            "entityID": "1-18573408",
            "entityName": "Apple iPhone 15 6,1\" 5G Double SIM 128 Go Noir"
        },
        "category": {
            "pageTemplate": "~/Nav/Core/Views/Article/Index.cshtml",
            "pageType": "product-page",
            "pathID": "56549",
            "primaryCategory": "Smartphones et Objets Connectés",
            "primaryCategoryID": "9455041",
            "virtualPrimaryCategoryId": "-54"
        }
    },
    "product": [
        {
            "productInfo": {
                "productID": "18573408",
                "productName": "Apple iPhone 15 6,1\" 5G Double SIM 128 Go Noir",
                "description": "&bull; DYNAMIC ISLAND ARRIVE SUR L&rsquo;IPHONE 15 &ndash; Dynamic Island fait remonter vos alertes et Activit&eacute;s en direct, pour que rien ne vous &eacute;chappe quand vous avez l&rsquo;esprit ailleurs. Voyez qui vous appelle, v&eacute;rifiez le statut de votre vol et faites bien plus encore.&bull; DESIGN INNOVANT &ndash; L&rsquo;iPhone 15 pr&eacute;sente un design r&eacute;sistant en aluminium et verre teint&eacute; dans la masse. Il r&eacute;siste aux &eacute;claboussures, &agrave; l&rsquo;eau et &agrave; la poussi&egrave;re. Sa face...",
                "productURL": "https://www.fnac.com/Apple-iPhone-15-6-1-5G-Double-SIM-128-Go-Noir/a18573408/w-4",
                "manufacturer": "Apple",
                "sku": "9268150",
                "gtin": "0195949036064",
                "mpn": "MTP03ZD/A"
            },
            "attributes": {
                "catalog": "newref",
                "nature": "physic",
                "type": "good",
                "currentOffer": {
                    "offerID": "00000000-0000-0000-0000-000000000000",
                    "sellerType": "fnac",
                    "seller": "FNAC.COM",
                    "sellerID": "00000000-0000-0000-0000-000000000000",
                    "sellerLocation": "Other",
                    "condition": "new",
                    "price": {
                        "basePrice": 867.0,
                        "basePriceWithTax": 867.0,
                        "currency": "EUR",
                        "taxRate": 0.0,
                        "discount": 0.0,
                        "shipping": 0.0,
                        "shippingMethod": "2",
                        "shippingMethodID": "2",
                        "price": 867.0,
                        "priceWithTax": 867.0
                    },
                    "offerURL": "https://www.fnac.com/FNAC-COM/sref00000000-0000-0000-0000-000000000000",
                    "fulfillment": "FNAC.COM"
                },
                "salesCategory": "1",
                "userRating": 4.5,
                "labRating": 5.0,
                "offer": [
                    {
                        "offerID": "00000000-0000-0000-0000-000000000000",
                        "sellerType": "fnac",
                        "seller": "FNAC.COM",
                        "sellerID": "00000000-0000-0000-0000-000000000000",
                        "sellerLocation": "Other",
                        "condition": "new",
                        "price": {
                            "basePrice": 867.0,
                            "basePriceWithTax": 867.0,
                            "currency": "EUR",
                            "taxRate": 0.0,
                            "discount": 0.0,
                            "shipping": 0.0,
                            "shippingMethod": "2",
                            "shippingMethodID": "2",
                            "price": 867.0,
                            "priceWithTax": 867.0
                        },
                        "offerURL": "https://www.fnac.com/FNAC-COM/sref00000000-0000-0000-0000-000000000000",
                        "fulfillment": "FNAC.COM"
                    },
                    {
                        "offerID": "44d8a787-63d2-095f-5d2c-e80e594c9767",
                        "sellerType": "professional",
                        "seller": "Fnac 2nde vie",
                        "sellerID": "2a489857-6b1d-9b7d-6bb0-7a2a8a914ce2",
                        "sellerLocation": "Other",
                        "condition": "good",
                        "price": {
                            "basePrice": 869.0,
                            "basePriceWithTax": 869.0,
                            "currency": "EUR",
                            "taxRate": 0.0,
                            "discount": 0.24051783659378595,
                            "shipping": 0.0,
                            "shippingMethod": "2",
                            "shippingMethodID": "2",
                            "price": 659.99,
                            "priceWithTax": 659.99
                        },
                        "offerURL": "https://www.fnac.com/Fnac-2nde-vie/sref2A489857-6B1D-9B7D-6BB0-7A2A8A914CE2",
                        "fulfillment": "Fnac 2nde vie"
                    },
                    {
                        "offerID": "38b3cb7b-069f-fa00-a4f0-e37e205dce91",
                        "sellerType": "professional",
                        "seller": "Fnac 2nde vie",
                        "sellerID": "2a489857-6b1d-9b7d-6bb0-7a2a8a914ce2",
                        "sellerLocation": "Other",
                        "condition": "acceptable",
                        "price": {
                            "basePrice": 869.0,
                            "basePriceWithTax": 869.0,
                            "currency": "EUR",
                            "taxRate": 0.0,
                            "discount": 0.21980437284234752,
                            "shipping": 0.0,
                            "shippingMethod": "2",
                            "shippingMethodID": "2",
                            "price": 677.99,
                            "priceWithTax": 677.99
                        },
                        "offerURL": "https://www.fnac.com/Fnac-2nde-vie/sref2A489857-6B1D-9B7D-6BB0-7A2A8A914CE2",
                        "fulfillment": "Fnac 2nde vie"
                    },
                    {
                        "offerID": "90961753-ff39-c31d-f5cf-e44bb6b0110c",
                        "sellerType": "professional",
                        "seller": "Fnac 2nde vie",
                        "sellerID": "2a489857-6b1d-9b7d-6bb0-7a2a8a914ce2",
                        "sellerLocation": "Other",
                        "condition": "very-good",
                        "price": {
                            "basePrice": 869.0,
                            "basePriceWithTax": 869.0,
                            "currency": "EUR",
                            "taxRate": 0.0,
                            "discount": 0.21980437284234752,
                            "shipping": 0.0,
                            "shippingMethod": "2",
                            "shippingMethodID": "2",
                            "price": 677.99,
                            "priceWithTax": 677.99
                        },
                        "offerURL": "https://www.fnac.com/Fnac-2nde-vie/sref2A489857-6B1D-9B7D-6BB0-7A2A8A914CE2",
                        "fulfillment": "Fnac 2nde vie"
                    },
                    {
                        "offerID": "908ce4e9-c924-ea1e-9dfe-b09094048716",
                        "sellerType": "professional",
                        "seller": "Nest Green",
                        "sellerID": "ea4bc972-f940-1d30-d717-5eef3f4d18f5",
                        "sellerLocation": "Local",
                        "condition": "acceptable",
                        "price": {
                            "basePrice": 699.0,
                            "basePriceWithTax": 699.0,
                            "currency": "EUR",
                            "taxRate": 0.0,
                            "discount": 0.02861230329041488,
                            "shipping": 0.0,
                            "shippingMethod": "2",
                            "shippingMethodID": "2",
                            "price": 679.0,
                            "priceWithTax": 679.0
                        },
                        "offerURL": "https://www.fnac.com/Nest-Green/srefEA4BC972-F940-1D30-D717-5EEF3F4D18F5",
                        "fulfillment": "Nest Green"
                    },
                    {
                        "offerID": "62d78ade-5607-ff16-7a1c-cab0b13d5f6d",
                        "sellerType": "professional",
                        "seller": "Nest Green",
                        "sellerID": "ea4bc972-f940-1d30-d717-5eef3f4d18f5",
                        "sellerLocation": "Local",
                        "condition": "good",
                        "price": {
                            "basePrice": 709.0,
                            "basePriceWithTax": 709.0,
                            "currency": "EUR",
                            "taxRate": 0.0,
                            "discount": 0.039492242595204514,
                            "shipping": 0.0,
                            "shippingMethod": "2",
                            "shippingMethodID": "2",
                            "price": 681.0,
                            "priceWithTax": 681.0
                        },
                        "offerURL": "https://www.fnac.com/Nest-Green/srefEA4BC972-F940-1D30-D717-5EEF3F4D18F5",
                        "fulfillment": "Nest Green"
                    },
                    {
                        "offerID": "f3efb648-f585-b317-a20e-3e3cfb376058",
                        "sellerType": "professional",
                        "seller": "Smartfone - France",
                        "sellerID": "e4a3d97e-bb60-90ce-0432-2dea8f77e722",
                        "sellerLocation": "Local",
                        "condition": "like-new",
                        "price": {
                            "basePrice": 704.0,
                            "basePriceWithTax": 704.0,
                            "currency": "EUR",
                            "taxRate": 0.0,
                            "discount": 0.0,
                            "shipping": 0.0,
                            "shippingMethod": "2",
                            "shippingMethodID": "2",
                            "price": 704.0,
                            "priceWithTax": 704.0
                        },
                        "offerURL": "https://www.fnac.com/Smartfone-France/srefE4A3D97E-BB60-90CE-0432-2DEA8F77E722",
                        "fulfillment": "Smartfone - France"
                    },
                    {
                        "offerID": "3f5bae08-944d-d42f-3bbd-8e33082f8ac6",
                        "sellerType": "professional",
                        "seller": "Nest Green",
                        "sellerID": "ea4bc972-f940-1d30-d717-5eef3f4d18f5",
                        "sellerLocation": "Local",
                        "condition": "very-good",
                        "price": {
                            "basePrice": 749.0,
                            "basePriceWithTax": 749.0,
                            "currency": "EUR",
                            "taxRate": 0.0,
                            "discount": 0.0534045393858478,
                            "shipping": 0.0,
                            "shippingMethod": "2",
                            "shippingMethodID": "2",
                            "price": 709.0,
                            "priceWithTax": 709.0
                        },
                        "offerURL": "https://www.fnac.com/Nest-Green/srefEA4BC972-F940-1D30-D717-5EEF3F4D18F5",
                        "fulfillment": "Nest Green"
                    },
                    {
                        "offerID": "0f483da0-1e17-57bb-8a7c-92e18608a7f5",
                        "sellerType": "professional",
                        "seller": "MiJensen",
                        "sellerID": "29dbaaab-5e96-df70-a591-634c72106197",
                        "sellerLocation": "European",
                        "condition": "like-new",
                        "price": {
                            "basePrice": 739.99,
                            "basePriceWithTax": 739.99,
                            "currency": "EUR",
                            "taxRate": 0.0,
                            "discount": 0.0,
                            "shipping": 0.0,
                            "shippingMethod": "2",
                            "shippingMethodID": "2",
                            "price": 739.99,
                            "priceWithTax": 739.99
                        },
                        "offerURL": "https://www.fnac.com/MiJensen/sref29DBAAAB-5E96-DF70-A591-634C72106197",
                        "fulfillment": "MiJensen"
                    },
                    {
                        "offerID": "c7cdea28-a4b4-abd8-dfec-35451d16c252",
                        "sellerType": "professional",
                        "seller": "Nest Green",
                        "sellerID": "ea4bc972-f940-1d30-d717-5eef3f4d18f5",
                        "sellerLocation": "Local",
                        "condition": "like-new",
                        "price": {
                            "basePrice": 769.0,
                            "basePriceWithTax": 769.0,
                            "currency": "EUR",
                            "taxRate": 0.0,
                            "discount": 0.0,
                            "shipping": 0.0,
                            "shippingMethod": "2",
                            "shippingMethodID": "2",
                            "price": 769.0,
                            "priceWithTax": 769.0
                        },
                        "offerURL": "https://www.fnac.com/Nest-Green/srefEA4BC972-F940-1D30-D717-5EEF3F4D18F5",
                        "fulfillment": "Nest Green"
                    },
                    {
                        "offerID": "aeec3073-b949-c925-bc42-98d8974b99d2",
                        "sellerType": "professional",
                        "seller": "Alloccaz",
                        "sellerID": "392d3f1a-6f54-d652-90a1-42e695943c52",
                        "sellerLocation": "Local",
                        "condition": "good",
                        "price": {
                            "basePrice": 682.0,
                            "basePriceWithTax": 682.0,
                            "currency": "EUR",
                            "taxRate": 0.0,
                            "discount": 0.0,
                            "shipping": 0.0,
                            "shippingMethod": "2",
                            "shippingMethodID": "2",
                            "price": 682.0,
                            "priceWithTax": 682.0
                        },
                        "offerURL": "https://www.fnac.com/Alloccaz/sref392D3F1A-6F54-D652-90A1-42E695943C52",
                        "fulfillment": "Alloccaz"
                    },
                    {
                        "offerID": "97d7bb80-a335-a583-0c6a-255ed36eb88a",
                        "sellerType": "professional",
                        "seller": "Reniuved",
                        "sellerID": "8db89030-9670-f7ff-2a6d-99b798853cbd",
                        "sellerLocation": "Other",
                        "condition": "like-new",
                        "price": {
                            "basePrice": 708.9,
                            "basePriceWithTax": 708.9,
                            "currency": "EUR",
                            "taxRate": 0.0,
                            "discount": 0.0,
                            "shipping": 0.0,
                            "shippingMethod": "2",
                            "shippingMethodID": "2",
                            "price": 708.9,
                            "priceWithTax": 708.9
                        },
                        "offerURL": "https://www.fnac.com/Reniuved/sref8DB89030-9670-F7FF-2A6D-99B798853CBD",
                        "fulfillment": "Reniuved"
                    },
                    {
                        "offerID": "b9e01394-50eb-69de-5a92-11993764567e",
                        "sellerType": "professional",
                        "seller": "nubia Flagship",
                        "sellerID": "f5313028-1842-90a3-0733-506eec78e2a3",
                        "sellerLocation": "Other",
                        "condition": "like-new",
                        "price": {
                            "basePrice": 709.0,
                            "basePriceWithTax": 709.0,
                            "currency": "EUR",
                            "taxRate": 0.0,
                            "discount": 0.0,
                            "shipping": 0.0,
                            "shippingMethod": "2",
                            "shippingMethodID": "2",
                            "price": 709.0,
                            "priceWithTax": 709.0
                        },
                        "offerURL": "https://www.fnac.com/nubia-Flagship/srefF5313028-1842-90A3-0733-506EEC78E2A3",
                        "fulfillment": "nubia Flagship"
                    },
                    {
                        "offerID": "e2bfa62d-1de7-8cd2-2e26-bdc8be2e1221",
                        "sellerType": "professional",
                        "seller": "e-Recycle - Reconditionné en France",
                        "sellerID": "9beb6541-7989-6389-8073-9913499a87e5",
                        "sellerLocation": "Local",
                        "condition": "acceptable",
                        "price": {
                            "basePrice": 709.9,
                            "basePriceWithTax": 709.9,
                            "currency": "EUR",
                            "taxRate": 0.0,
                            "discount": 0.0,
                            "shipping": 0.0,
                            "shippingMethod": "2",
                            "shippingMethodID": "2",
                            "price": 709.9,
                            "priceWithTax": 709.9
                        },
                        "offerURL": "https://www.fnac.com/e-Recycle-Reconditionne-en-France/sref9BEB6541-7989-6389-8073-9913499A87E5",
                        "fulfillment": "e-Recycle - Reconditionné en France"
                    },
                    {
                        "offerID": "45168d31-e781-4efc-3057-3445e29d2a02",
                        "sellerType": "professional",
                        "seller": "Alloccaz",
                        "sellerID": "392d3f1a-6f54-d652-90a1-42e695943c52",
                        "sellerLocation": "Local",
                        "condition": "very-good",
                        "price": {
                            "basePrice": 721.0,
                            "basePriceWithTax": 721.0,
                            "currency": "EUR",
                            "taxRate": 0.0,
                            "discount": 0.0,
                            "shipping": 0.0,
                            "shippingMethod": "2",
                            "shippingMethodID": "2",
                            "price": 721.0,
                            "priceWithTax": 721.0
                        },
                        "offerURL": "https://www.fnac.com/Alloccaz/sref392D3F1A-6F54-D652-90A1-42E695943C52",
                        "fulfillment": "Alloccaz"
                    },
                    {
                        "offerID": "5ae77a0a-f472-f980-7b69-c4a3ee426e2d",
                        "sellerType": "professional",
                        "seller": "Alloccaz",
                        "sellerID": "392d3f1a-6f54-d652-90a1-42e695943c52",
                        "sellerLocation": "Local",
                        "condition": "like-new",
                        "price": {
                            "basePrice": 740.0,
                            "basePriceWithTax": 740.0,
                            "currency": "EUR",
                            "taxRate": 0.0,
                            "discount": 0.0,
                            "shipping": 0.0,
                            "shippingMethod": "2",
                            "shippingMethodID": "2",
                            "price": 740.0,
                            "priceWithTax": 740.0
                        },
                        "offerURL": "https://www.fnac.com/Alloccaz/sref392D3F1A-6F54-D652-90A1-42E695943C52",
                        "fulfillment": "Alloccaz"
                    },
                    {
                        "offerID": "64ae151e-ac03-7ced-6ce6-c5fe3aa22d39",
                        "sellerType": "professional",
                        "seller": "e-Recycle - Reconditionné en France",
                        "sellerID": "9beb6541-7989-6389-8073-9913499a87e5",
                        "sellerLocation": "Local",
                        "condition": "very-good",
                        "price": {
                            "basePrice": 759.9,
                            "basePriceWithTax": 759.9,
                            "currency": "EUR",
                            "taxRate": 0.0,
                            "discount": 0.0,
                            "shipping": 0.0,
                            "shippingMethod": "2",
                            "shippingMethodID": "2",
                            "price": 759.9,
                            "priceWithTax": 759.9
                        },
                        "offerURL": "https://www.fnac.com/e-Recycle-Reconditionne-en-France/sref9BEB6541-7989-6389-8073-9913499A87E5",
                        "fulfillment": "e-Recycle - Reconditionné en France"
                    },
                    {
                        "offerID": "b1af065d-c9c6-3fda-53ab-139de2c893f4",
                        "sellerType": "professional",
                        "seller": "Fnac Thiais",
                        "sellerID": "c13e7325-10bb-bb63-8b00-f2beb4c8e8dd",
                        "sellerLocation": "Other",
                        "condition": "good",
                        "price": {
                            "basePrice": 869.0,
                            "basePriceWithTax": 869.0,
                            "currency": "EUR",
                            "taxRate": 0.0,
                            "discount": 0.11968929804372842,
                            "shipping": 0.0,
                            "shippingMethod": "2",
                            "shippingMethodID": "2",
                            "price": 764.99,
                            "priceWithTax": 764.99
                        },
                        "offerURL": "https://www.fnac.com/Fnac-Thiais/srefC13E7325-10BB-BB63-8B00-F2BEB4C8E8DD",
                        "fulfillment": "Fnac Thiais"
                    },
                    {
                        "offerID": "ea1e5d04-126e-78de-e08e-8dc26838ed95",
                        "sellerType": "professional",
                        "seller": "Fnac Thiais",
                        "sellerID": "c13e7325-10bb-bb63-8b00-f2beb4c8e8dd",
                        "sellerLocation": "Other",
                        "condition": "very-good",
                        "price": {
                            "basePrice": 869.0,
                            "basePriceWithTax": 869.0,
                            "currency": "EUR",
                            "taxRate": 0.0,
                            "discount": 0.10012658227848101,
                            "shipping": 0.0,
                            "shippingMethod": "2",
                            "shippingMethodID": "2",
                            "price": 781.99,
                            "priceWithTax": 781.99
                        },
                        "offerURL": "https://www.fnac.com/Fnac-Thiais/srefC13E7325-10BB-BB63-8B00-F2BEB4C8E8DD",
                        "fulfillment": "Fnac Thiais"
                    },
                    {
                        "offerID": "11b9d218-4c72-cb12-c533-a43220e88254",
                        "sellerType": "professional",
                        "seller": "Fnac Gennevilliers",
                        "sellerID": "d748ed5e-2086-21fb-1db4-ded8ea117561",
                        "sellerLocation": "Other",
                        "condition": "very-good",
                        "price": {
                            "basePrice": 869.0,
                            "basePriceWithTax": 869.0,
                            "currency": "EUR",
                            "taxRate": 0.0,
                            "discount": 0.10012658227848101,
                            "shipping": 0.0,
                            "shippingMethod": "2",
                            "shippingMethodID": "2",
                            "price": 781.99,
                            "priceWithTax": 781.99
                        },
                        "offerURL": "https://www.fnac.com/Fnac-Gennevilliers/srefD748ED5E-2086-21FB-1DB4-DED8EA117561",
                        "fulfillment": "Fnac Gennevilliers"
                    },
                    {
                        "offerID": "eae413c2-ced5-48e5-5724-d7336fabcce3",
                        "sellerType": "professional",
                        "seller": "Fnac Parinor",
                        "sellerID": "1b303b2f-b69c-5f0d-8c2f-74b7dc2995e3",
                        "sellerLocation": "Other",
                        "condition": "very-good",
                        "price": {
                            "basePrice": 869.0,
                            "basePriceWithTax": 869.0,
                            "currency": "EUR",
                            "taxRate": 0.0,
                            "discount": 0.10012658227848101,
                            "shipping": 0.0,
                            "shippingMethod": "2",
                            "shippingMethodID": "2",
                            "price": 781.99,
                            "priceWithTax": 781.99
                        },
                        "offerURL": "https://www.fnac.com/Fnac-Parinor/sref1B303B2F-B69C-5F0D-8C2F-74B7DC2995E3",
                        "fulfillment": "Fnac Parinor"
                    },
                    {
                        "offerID": "2cace3f7-fd1d-e966-c1f3-f09c8e71c313",
                        "sellerType": "professional",
                        "seller": "Fnac Cergy",
                        "sellerID": "c4b07a2f-01f1-e482-a231-f806d712f9f1",
                        "sellerLocation": "Other",
                        "condition": "very-good",
                        "price": {
                            "basePrice": 869.0,
                            "basePriceWithTax": 869.0,
                            "currency": "EUR",
                            "taxRate": 0.0,
                            "discount": 0.10012658227848101,
                            "shipping": 0.0,
                            "shippingMethod": "2",
                            "shippingMethodID": "2",
                            "price": 781.99,
                            "priceWithTax": 781.99
                        },
                        "offerURL": "https://www.fnac.com/Fnac-Cergy/srefC4B07A2F-01F1-E482-A231-F806D712F9F1",
                        "fulfillment": "Fnac Cergy"
                    },
                    {
                        "offerID": "1582c082-3b98-c657-1ba5-b2746adf0148",
                        "sellerType": "professional",
                        "seller": "Fnac Le Mans",
                        "sellerID": "f06f4b4e-1da0-66d9-d9f7-0cd83d13a4cb",
                        "sellerLocation": "Other",
                        "condition": "very-good",
                        "price": {
                            "basePrice": 869.0,
                            "basePriceWithTax": 869.0,
                            "currency": "EUR",
                            "taxRate": 0.0,
                            "discount": 0.10012658227848101,
                            "shipping": 0.0,
                            "shippingMethod": "2",
                            "shippingMethodID": "2",
                            "price": 781.99,
                            "priceWithTax": 781.99
                        },
                        "offerURL": "https://www.fnac.com/Fnac-Le-Mans/srefF06F4B4E-1DA0-66D9-D9F7-0CD83D13A4CB",
                        "fulfillment": "Fnac Le Mans"
                    },
                    {
                        "offerID": "793dad1a-a4ce-0343-4bcb-328deb59825f",
                        "sellerType": "professional",
                        "seller": "Fnac Ternes",
                        "sellerID": "a466f168-c8bf-ade2-a8d3-9150172c9cc6",
                        "sellerLocation": "Local",
                        "condition": "very-good",
                        "price": {
                            "basePrice": 869.0,
                            "basePriceWithTax": 869.0,
                            "currency": "EUR",
                            "taxRate": 0.0,
                            "discount": 0.10012658227848101,
                            "shipping": 0.0,
                            "shippingMethod": "2",
                            "shippingMethodID": "2",
                            "price": 781.99,
                            "priceWithTax": 781.99
                        },
                        "offerURL": "https://www.fnac.com/Fnac-Ternes/srefA466F168-C8BF-ADE2-A8D3-9150172C9CC6",
                        "fulfillment": "Fnac Ternes"
                    },
                    {
                        "offerID": "ee70a05b-a2c3-ba9e-6046-6fa3d4d518d0",
                        "sellerType": "professional",
                        "seller": "Fnac Parly",
                        "sellerID": "a26709b5-7e8c-e9d7-50d0-5907411b8b16",
                        "sellerLocation": "Other",
                        "condition": "like-new",
                        "price": {
                            "basePrice": 869.0,
                            "basePriceWithTax": 869.0,
                            "currency": "EUR",
                            "taxRate": 0.0,
                            "discount": 0.0805638665132336,
                            "shipping": 0.0,
                            "shippingMethod": "2",
                            "shippingMethodID": "2",
                            "price": 798.99,
                            "priceWithTax": 798.99
                        },
                        "offerURL": "https://www.fnac.com/Fnac-Parly/srefA26709B5-7E8C-E9D7-50D0-5907411B8B16",
                        "fulfillment": "Fnac Parly"
                    },
                    {
                        "offerID": "13137c99-c733-01f2-24f6-f972ef80ae8c",
                        "sellerType": "professional",
                        "seller": "e-Recycle - Reconditionné en France",
                        "sellerID": "9beb6541-7989-6389-8073-9913499a87e5",
                        "sellerLocation": "Local",
                        "condition": "like-new",
                        "price": {
                            "basePrice": 799.9,
                            "basePriceWithTax": 799.9,
                            "currency": "EUR",
                            "taxRate": 0.0,
                            "discount": 0.0,
                            "shipping": 0.0,
                            "shippingMethod": "2",
                            "shippingMethodID": "2",
                            "price": 799.9,
                            "priceWithTax": 799.9
                        },
                        "offerURL": "https://www.fnac.com/e-Recycle-Reconditionne-en-France/sref9BEB6541-7989-6389-8073-9913499A87E5",
                        "fulfillment": "e-Recycle - Reconditionné en France"
                    },
                    {
                        "offerID": "07afa202-e1c3-5a2c-f373-bbba20743a64",
                        "sellerType": "professional",
                        "seller": "RPSTechnologies",
                        "sellerID": "eed20d12-ff6b-e571-fbf6-c8103f502bde",
                        "sellerLocation": "Local",
                        "condition": "good",
                        "price": {
                            "basePrice": 799.0,
                            "basePriceWithTax": 799.0,
                            "currency": "EUR",
                            "taxRate": 0.0,
                            "discount": 0.0,
                            "shipping": 8.29,
                            "shippingMethod": "2",
                            "shippingMethodID": "2",
                            "price": 799.0,
                            "priceWithTax": 799.0
                        },
                        "offerURL": "https://www.fnac.com/RPSTechnologies/srefEED20D12-FF6B-E571-FBF6-C8103F502BDE",
                        "fulfillment": "RPSTechnologies"
                    },
                    {
                        "offerID": "1c82cae4-5da8-6810-eab3-9ca4e3fbde47",
                        "sellerType": "professional",
                        "seller": "RPSTechnologies",
                        "sellerID": "eed20d12-ff6b-e571-fbf6-c8103f502bde",
                        "sellerLocation": "Local",
                        "condition": "very-good",
                        "price": {
                            "basePrice": 805.0,
                            "basePriceWithTax": 805.0,
                            "currency": "EUR",
                            "taxRate": 0.0,
                            "discount": 0.0,
                            "shipping": 8.29,
                            "shippingMethod": "2",
                            "shippingMethodID": "2",
                            "price": 805.0,
                            "priceWithTax": 805.0
                        },
                        "offerURL": "https://www.fnac.com/RPSTechnologies/srefEED20D12-FF6B-E571-FBF6-C8103F502BDE",
                        "fulfillment": "RPSTechnologies"
                    },
                    {
                        "offerID": "59659025-e09e-e09d-1bda-46f7a5f50593",
                        "sellerType": "professional",
                        "seller": "RPSTechnologies",
                        "sellerID": "eed20d12-ff6b-e571-fbf6-c8103f502bde",
                        "sellerLocation": "Local",
                        "condition": "like-new",
                        "price": {
                            "basePrice": 809.0,
                            "basePriceWithTax": 809.0,
                            "currency": "EUR",
                            "taxRate": 0.0,
                            "discount": 0.0,
                            "shipping": 8.29,
                            "shippingMethod": "2",
                            "shippingMethodID": "2",
                            "price": 809.0,
                            "priceWithTax": 809.0
                        },
                        "offerURL": "https://www.fnac.com/RPSTechnologies/srefEED20D12-FF6B-E571-FBF6-C8103F502BDE",
                        "fulfillment": "RPSTechnologies"
                    },
                    {
                        "offerID": "721060b7-a88a-15b8-4267-6a9b6b30a804",
                        "sellerType": "professional",
                        "seller": "Radiocomman",
                        "sellerID": "b150b3eb-3a1f-3d3f-9c1d-adaf4af3e0cf",
                        "sellerLocation": "Other",
                        "condition": "like-new",
                        "price": {
                            "basePrice": 9999.0,
                            "basePriceWithTax": 9999.0,
                            "currency": "EUR",
                            "taxRate": 0.0,
                            "discount": 0.0,
                            "shipping": 0.0,
                            "shippingMethod": "2",
                            "shippingMethodID": "2",
                            "price": 9999.0,
                            "priceWithTax": 9999.0
                        },
                        "offerURL": "https://www.fnac.com/Radiocomman/srefB150B3EB-3A1F-3D3F-9C1D-ADAF4AF3E0CF",
                        "fulfillment": "Radiocomman"
                    }
                ],
                "offerID": "00000000-0000-0000-0000-000000000000",
                "sellerType": "fnac",
                "sellerName": "FNAC.COM",
                "sellerID": "00000000-0000-0000-0000-000000000000",
                "sellerLocation": "Other",
                "condition": "new",
                "availability": "En Stock",
                "availabilityType": "in-stock",
                "availabilityID": "199"
            },
            "category": {
                "primaryCategoryID": "29",
                "subCategory1": "Téléphone Mobile",
                "subCategory1ID": "16049"
            },
            "linkedProduct": [],
            "price": {
                "basePrice": 722.5,
                "basePriceWithTax": 869.0,
                "currency": "EUR",
                "taxRate": 0.16666666666666666,
                "discount": 0.0,
                "shipping": 0.0,
                "shippingMethod": "Standard",
                "shippingMethodID": "1",
                "price": 722.5,
                "priceWithTax": 869.0
            }
        }
    ]
}