{
    "$schema": "https://www.fnac.com/json-schema/digital-data/custom-ceddl-01",
    "pageInstanceID": "production-fnaccom-fr-fr-FR-a17312614",
    "page": {
        "pageInfo": {
            "pageID": "a17312614",
            "pageName": "Apple iPhone 16 Pro Max 6,9\" 5G 1 To Double SIM Noir Titane",
            "sysEnv": "FCS1WPWEBFR12",
            "breadCrumbs": [
                "Accueil",
                "Smartphones et Objets Connectés",
                "Tous les téléphones",
                "Apple iPhone 16 Pro Max 6,9\" 5G 1 To Double SIM Noir Titane"
            ],
            "version": "22.1.24297.6",
            "issueDate": "2024-10-27T14:43:39.4570915Z",
            "destinationURL": "https://www.fnac.com/Apple-iPhone-16-Pro-Max-6-9-5G-1-To-Double-SIM-Noir-Titane/a17312614/w-4",
            "language": "fr-FR"
        },
        "attributes": {
            "environment": "production",
            "deviceType": "desktop-web",
            "siteID": "fnaccom",
            "marketID": "fr",
            "statusCode": 200,
            "statusText": "OK",
            "entityID": "1-17312614",
            "entityName": "Apple iPhone 16 Pro Max 6,9\" 5G 1 To Double SIM Noir Titane"
        },
        "category": {
            "pageTemplate": "~/Nav/Core/Views/Article/Index.cshtml",
            "pageType": "product-page",
            "pathID": "59030",
            "primaryCategory": "Smartphones et Objets Connectés",
            "primaryCategoryID": "9455041",
            "virtualPrimaryCategoryId": "-54"
        }
    },
    "product": [
        {
            "productInfo": {
                "productID": "17312614",
                "productName": "Apple iPhone 16 Pro Max 6,9\" 5G 1 To Double SIM Noir Titane",
                "description": "Vous pouvez maintenant prendre une photo ou une vidéo parfaite en un temps record. Commande de l’appareil photo vous offre un accès plus rapide aux outils photo et vidéo. Glissez simplement le doigt pour ajuster des réglages comme l’exposition ou la profondeur de champ, changer d’objectif ou cadrer avec le zoom numérique. À vous les commandes.Grâce à la polyvalence du nouveau système photo de l’iPhone 16, vous pouvez réaliser des clichés saisissants, de près comme de loin. La caméra Fusion 48 Mpx deux-en-un vous permet de capturer des images...",
                "productURL": "https://www.fnac.com/Apple-iPhone-16-Pro-Max-6-9-5G-1-To-Double-SIM-Noir-Titane/a17312614/w-4",
                "manufacturer": "Apple",
                "sku": "9242285",
                "gtin": "0195949807336",
                "mpn": "MYX43ZD/A"
            },
            "attributes": {
                "catalog": "newref",
                "nature": "physic",
                "type": "good",
                "currentOffer": {
                    "offerID": "00000000-0000-0000-0000-000000000000",
                    "sellerType": "fnac",
                    "seller": "FNAC.COM",
                    "sellerID": "00000000-0000-0000-0000-000000000000",
                    "sellerLocation": "Other",
                    "condition": "new",
                    "price": {
                        "basePrice": 1977.99,
                        "basePriceWithTax": 1977.99,
                        "currency": "EUR",
                        "taxRate": 0.0,
                        "discount": 0.0,
                        "shipping": 0.0,
                        "shippingMethod": "2",
                        "shippingMethodID": "2",
                        "price": 1977.99,
                        "priceWithTax": 1977.99
                    },
                    "offerURL": "https://www.fnac.com/FNAC-COM/sref00000000-0000-0000-0000-000000000000",
                    "fulfillment": "FNAC.COM"
                },
                "salesCategory": "5",
                "offer": [
                    {
                        "offerID": "00000000-0000-0000-0000-000000000000",
                        "sellerType": "fnac",
                        "seller": "FNAC.COM",
                        "sellerID": "00000000-0000-0000-0000-000000000000",
                        "sellerLocation": "Other",
                        "condition": "new",
                        "price": {
                            "basePrice": 1977.99,
                            "basePriceWithTax": 1977.99,
                            "currency": "EUR",
                            "taxRate": 0.0,
                            "discount": 0.0,
                            "shipping": 0.0,
                            "shippingMethod": "2",
                            "shippingMethodID": "2",
                            "price": 1977.99,
                            "priceWithTax": 1977.99
                        },
                        "offerURL": "https://www.fnac.com/FNAC-COM/sref00000000-0000-0000-0000-000000000000",
                        "fulfillment": "FNAC.COM"
                    },
                    {
                        "offerID": "bcd702de-58ea-6206-5d3d-507cd9ffe0be",
                        "sellerType": "professional",
                        "seller": "Fnac 2nde vie",
                        "sellerID": "2a489857-6b1d-9b7d-6bb0-7a2a8a914ce2",
                        "sellerLocation": "Other",
                        "condition": "like-new",
                        "price": {
                            "basePrice": 1979.99,
                            "basePriceWithTax": 1979.99,
                            "currency": "EUR",
                            "taxRate": 0.0,
                            "discount": 0.050000252526527914,
                            "shipping": 0.0,
                            "shippingMethod": "2",
                            "shippingMethodID": "2",
                            "price": 1880.99,
                            "priceWithTax": 1880.99
                        },
                        "offerURL": "https://www.fnac.com/Fnac-2nde-vie/sref2A489857-6B1D-9B7D-6BB0-7A2A8A914CE2",
                        "fulfillment": "Fnac 2nde vie"
                    }
                ],
                "offerID": "00000000-0000-0000-0000-000000000000",
                "sellerType": "fnac",
                "sellerName": "FNAC.COM",
                "sellerID": "00000000-0000-0000-0000-000000000000",
                "sellerLocation": "Other",
                "condition": "new",
                "availability": "Bientôt en stock, expédié à partir du",
                "availabilityType": "out-of-stock",
                "availabilityID": "198"
            },
            "category": {
                "primaryCategoryID": "29",
                "subCategory1": "Téléphone Mobile",
                "subCategory1ID": "16049"
            },
            "linkedProduct": [],
            "price": {
                "basePrice": 1648.33,
                "basePriceWithTax": 1979.99,
                "currency": "EUR",
                "taxRate": 0.16666413884802248,
                "discount": 0.0,
                "shipping": 0.0,
                "shippingMethod": "Standard",
                "shippingMethodID": "1",
                "price": 1648.33,
                "priceWithTax": 1979.99
            }
        }
    ]
}