{
    "$schema": "https://www.fnac.com/json-schema/digital-data/custom-ceddl-01",
    "pageInstanceID": "production-fnaccom-fr-fr-FR-a18573390",
    "page": {
        "pageInfo": {
            "pageID": "a18573390",
            "pageName": "Apple iPhone 15 Plus 6,7\" 5G Double SIM 256 Go Noir",
            "sysEnv": "FCS2WPWEBFR15",
            "breadCrumbs": [
                "Accueil",
                "Smartphones et Objets Connectés",
                "iPhone",
                "Apple iPhone 15 Plus 6,7\" 5G Double SIM 256 Go Noir"
            ],
            "version": "22.1.24297.6",
            "issueDate": "2024-10-27T19:29:47.9879702Z",
            "destinationURL": "https://www.fnac.com/Apple-iPhone-15-Plus-6-7-5G-Double-SIM-256-Go-Noir/a18573390/w-4",
            "language": "fr-FR"
        },
        "attributes": {
            "environment": "production",
            "deviceType": "desktop-web",
            "siteID": "fnaccom",
            "marketID": "fr",
            "statusCode": 200,
            "statusText": "OK",
            "entityID": "1-18573390",
            "entityName": "Apple iPhone 15 Plus 6,7\" 5G Double SIM 256 Go Noir"
        },
        "category": {
            "pageTemplate": "~/Nav/Core/Views/Article/Index.cshtml",
            "pageType": "product-page",
            "pathID": "56549",
            "primaryCategory": "Smartphones et Objets Connectés",
            "primaryCategoryID": "9455041",
            "virtualPrimaryCategoryId": "-54"
        }
    },
    "product": [
        {
            "productInfo": {
                "productID": "18573390",
                "productName": "Apple iPhone 15 Plus 6,7\" 5G Double SIM 256 Go Noir",
                "description": "&bull; DYNAMIC ISLAND ARRIVE SUR L&rsquo;IPHONE 15 &ndash; Dynamic Island fait remonter vos alertes et Activit&eacute;s en direct, pour que rien ne vous &eacute;chappe quand vous avez l&rsquo;esprit ailleurs. Voyez qui vous appelle, v&eacute;rifiez le statut de votre vol et faites bien plus encore.&bull; DESIGN INNOVANT &ndash; L&rsquo;iPhone 15 pr&eacute;sente un design r&eacute;sistant en aluminium et verre teint&eacute; dans la masse. Il r&eacute;siste aux &eacute;claboussures, &agrave; l&rsquo;eau et &agrave; la poussi&egrave;re1. Sa face...",
                "productURL": "https://www.fnac.com/Apple-iPhone-15-Plus-6-7-5G-Double-SIM-256-Go-Noir/a18573390/w-4",
                "manufacturer": "Apple",
                "sku": "9268066",
                "gtin": "0195949041631",
                "mpn": "MU183ZD/A"
            },
            "attributes": {
                "catalog": "newref",
                "nature": "physic",
                "type": "good",
                "currentOffer": {
                    "offerID": "00000000-0000-0000-0000-000000000000",
                    "sellerType": "fnac",
                    "seller": "FNAC.COM",
                    "sellerID": "00000000-0000-0000-0000-000000000000",
                    "sellerLocation": "Other",
                    "condition": "new",
                    "price": {
                        "basePrice": 1097.0,
                        "basePriceWithTax": 1097.0,
                        "currency": "EUR",
                        "taxRate": 0.0,
                        "discount": 0.0,
                        "shipping": 0.0,
                        "shippingMethod": "2",
                        "shippingMethodID": "2",
                        "price": 1097.0,
                        "priceWithTax": 1097.0
                    },
                    "offerURL": "https://www.fnac.com/FNAC-COM/sref00000000-0000-0000-0000-000000000000",
                    "fulfillment": "FNAC.COM"
                },
                "salesCategory": "5",
                "userRating": 4.5,
                "labRating": 5.0,
                "offer": [
                    {
                        "offerID": "00000000-0000-0000-0000-000000000000",
                        "sellerType": "fnac",
                        "seller": "FNAC.COM",
                        "sellerID": "00000000-0000-0000-0000-000000000000",
                        "sellerLocation": "Other",
                        "condition": "new",
                        "price": {
                            "basePrice": 1097.0,
                            "basePriceWithTax": 1097.0,
                            "currency": "EUR",
                            "taxRate": 0.0,
                            "discount": 0.0,
                            "shipping": 0.0,
                            "shippingMethod": "2",
                            "shippingMethodID": "2",
                            "price": 1097.0,
                            "priceWithTax": 1097.0
                        },
                        "offerURL": "https://www.fnac.com/FNAC-COM/sref00000000-0000-0000-0000-000000000000",
                        "fulfillment": "FNAC.COM"
                    },
                    {
                        "offerID": "bd998d5e-bab5-01a8-377e-f14857440bcc",
                        "sellerType": "professional",
                        "seller": "Alloccaz",
                        "sellerID": "392d3f1a-6f54-d652-90a1-42e695943c52",
                        "sellerLocation": "Local",
                        "condition": "good",
                        "price": {
                            "basePrice": 1043.0,
                            "basePriceWithTax": 1043.0,
                            "currency": "EUR",
                            "taxRate": 0.0,
                            "discount": 0.0,
                            "shipping": 0.0,
                            "shippingMethod": "2",
                            "shippingMethodID": "2",
                            "price": 1043.0,
                            "priceWithTax": 1043.0
                        },
                        "offerURL": "https://www.fnac.com/Alloccaz/sref392D3F1A-6F54-D652-90A1-42E695943C52",
                        "fulfillment": "Alloccaz"
                    },
                    {
                        "offerID": "8f3efa87-477a-6567-29f1-a91ef2e8be1c",
                        "sellerType": "professional",
                        "seller": "Alloccaz",
                        "sellerID": "392d3f1a-6f54-d652-90a1-42e695943c52",
                        "sellerLocation": "Local",
                        "condition": "very-good",
                        "price": {
                            "basePrice": 1063.0,
                            "basePriceWithTax": 1063.0,
                            "currency": "EUR",
                            "taxRate": 0.0,
                            "discount": 0.0,
                            "shipping": 0.0,
                            "shippingMethod": "2",
                            "shippingMethodID": "2",
                            "price": 1063.0,
                            "priceWithTax": 1063.0
                        },
                        "offerURL": "https://www.fnac.com/Alloccaz/sref392D3F1A-6F54-D652-90A1-42E695943C52",
                        "fulfillment": "Alloccaz"
                    },
                    {
                        "offerID": "1a3b47f4-3e49-be9d-50f0-70b3a3f114b0",
                        "sellerType": "professional",
                        "seller": "Rev Digital FR",
                        "sellerID": "17c3e886-500d-96a0-58dd-04e64cac6cf6",
                        "sellerLocation": "European",
                        "condition": "like-new",
                        "price": {
                            "basePrice": 1067.0,
                            "basePriceWithTax": 1067.0,
                            "currency": "EUR",
                            "taxRate": 0.0,
                            "discount": 0.0,
                            "shipping": 0.0,
                            "shippingMethod": "2",
                            "shippingMethodID": "2",
                            "price": 1067.0,
                            "priceWithTax": 1067.0
                        },
                        "offerURL": "https://www.fnac.com/Rev-Digital-FR/sref17C3E886-500D-96A0-58DD-04E64CAC6CF6",
                        "fulfillment": "Rev Digital FR"
                    },
                    {
                        "offerID": "8772a096-2e0c-9ba3-d6f4-a364bcba1f03",
                        "sellerType": "professional",
                        "seller": "Alloccaz",
                        "sellerID": "392d3f1a-6f54-d652-90a1-42e695943c52",
                        "sellerLocation": "Local",
                        "condition": "like-new",
                        "price": {
                            "basePrice": 1085.0,
                            "basePriceWithTax": 1085.0,
                            "currency": "EUR",
                            "taxRate": 0.0,
                            "discount": 0.0,
                            "shipping": 0.0,
                            "shippingMethod": "2",
                            "shippingMethodID": "2",
                            "price": 1085.0,
                            "priceWithTax": 1085.0
                        },
                        "offerURL": "https://www.fnac.com/Alloccaz/sref392D3F1A-6F54-D652-90A1-42E695943C52",
                        "fulfillment": "Alloccaz"
                    },
                    {
                        "offerID": "02a415d0-8c4b-9d93-c2ce-f73c56303266",
                        "sellerType": "professional",
                        "seller": "Fnac Parinor",
                        "sellerID": "1b303b2f-b69c-5f0d-8c2f-74b7dc2995e3",
                        "sellerLocation": "Other",
                        "condition": "good",
                        "price": {
                            "basePrice": 1099.0,
                            "basePriceWithTax": 1099.0,
                            "currency": "EUR",
                            "taxRate": 0.0,
                            "discount": 0.18017288444040036,
                            "shipping": 0.0,
                            "shippingMethod": "2",
                            "shippingMethodID": "2",
                            "price": 900.99,
                            "priceWithTax": 900.99
                        },
                        "offerURL": "https://www.fnac.com/Fnac-Parinor/sref1B303B2F-B69C-5F0D-8C2F-74B7DC2995E3",
                        "fulfillment": "Fnac Parinor"
                    },
                    {
                        "offerID": "d567273e-fa96-884f-3211-686eaf470aab",
                        "sellerType": "professional",
                        "seller": "e-Recycle - Reconditionné en France",
                        "sellerID": "9beb6541-7989-6389-8073-9913499a87e5",
                        "sellerLocation": "Local",
                        "condition": "like-new",
                        "price": {
                            "basePrice": 959.9,
                            "basePriceWithTax": 959.9,
                            "currency": "EUR",
                            "taxRate": 0.0,
                            "discount": 0.0,
                            "shipping": 0.0,
                            "shippingMethod": "2",
                            "shippingMethodID": "2",
                            "price": 959.9,
                            "priceWithTax": 959.9
                        },
                        "offerURL": "https://www.fnac.com/e-Recycle-Reconditionne-en-France/sref9BEB6541-7989-6389-8073-9913499A87E5",
                        "fulfillment": "e-Recycle - Reconditionné en France"
                    },
                    {
                        "offerID": "ec3cf559-0ceb-b347-eefd-9934e6458e13",
                        "sellerType": "professional",
                        "seller": "RPSTechnologies",
                        "sellerID": "eed20d12-ff6b-e571-fbf6-c8103f502bde",
                        "sellerLocation": "Local",
                        "condition": "good",
                        "price": {
                            "basePrice": 1009.0,
                            "basePriceWithTax": 1009.0,
                            "currency": "EUR",
                            "taxRate": 0.0,
                            "discount": 0.0,
                            "shipping": 8.29,
                            "shippingMethod": "2",
                            "shippingMethodID": "2",
                            "price": 1009.0,
                            "priceWithTax": 1009.0
                        },
                        "offerURL": "https://www.fnac.com/RPSTechnologies/srefEED20D12-FF6B-E571-FBF6-C8103F502BDE",
                        "fulfillment": "RPSTechnologies"
                    },
                    {
                        "offerID": "b263b887-ba9e-c453-b9a4-f255b6448d42",
                        "sellerType": "professional",
                        "seller": "RPSTechnologies",
                        "sellerID": "eed20d12-ff6b-e571-fbf6-c8103f502bde",
                        "sellerLocation": "Local",
                        "condition": "very-good",
                        "price": {
                            "basePrice": 1019.0,
                            "basePriceWithTax": 1019.0,
                            "currency": "EUR",
                            "taxRate": 0.0,
                            "discount": 0.0,
                            "shipping": 8.29,
                            "shippingMethod": "2",
                            "shippingMethodID": "2",
                            "price": 1019.0,
                            "priceWithTax": 1019.0
                        },
                        "offerURL": "https://www.fnac.com/RPSTechnologies/srefEED20D12-FF6B-E571-FBF6-C8103F502BDE",
                        "fulfillment": "RPSTechnologies"
                    },
                    {
                        "offerID": "06fe1e4b-896e-2fb0-b687-2ef36510bc65",
                        "sellerType": "professional",
                        "seller": "RPSTechnologies",
                        "sellerID": "eed20d12-ff6b-e571-fbf6-c8103f502bde",
                        "sellerLocation": "Local",
                        "condition": "like-new",
                        "price": {
                            "basePrice": 1029.0,
                            "basePriceWithTax": 1029.0,
                            "currency": "EUR",
                            "taxRate": 0.0,
                            "discount": 0.0,
                            "shipping": 8.29,
                            "shippingMethod": "2",
                            "shippingMethodID": "2",
                            "price": 1029.0,
                            "priceWithTax": 1029.0
                        },
                        "offerURL": "https://www.fnac.com/RPSTechnologies/srefEED20D12-FF6B-E571-FBF6-C8103F502BDE",
                        "fulfillment": "RPSTechnologies"
                    },
                    {
                        "offerID": "58d5e8ab-e405-cd71-7cd0-1df37840a5f6",
                        "sellerType": "professional",
                        "seller": "Npie",
                        "sellerID": "a17e812f-b852-459f-ae3b-702cdfc908cf",
                        "sellerLocation": "Other",
                        "condition": "like-new",
                        "price": {
                            "basePrice": 1042.17,
                            "basePriceWithTax": 1042.17,
                            "currency": "EUR",
                            "taxRate": 0.0,
                            "discount": 0.0,
                            "shipping": 0.0,
                            "shippingMethod": "2",
                            "shippingMethodID": "2",
                            "price": 1042.17,
                            "priceWithTax": 1042.17
                        },
                        "offerURL": "https://www.fnac.com/Npie/srefA17E812F-B852-459F-AE3B-702CDFC908CF",
                        "fulfillment": "Npie"
                    },
                    {
                        "offerID": "bd6f699b-899a-4218-bd31-3282b72e18ed",
                        "sellerType": "professional",
                        "seller": "Radiocomman",
                        "sellerID": "b150b3eb-3a1f-3d3f-9c1d-adaf4af3e0cf",
                        "sellerLocation": "Other",
                        "condition": "like-new",
                        "price": {
                            "basePrice": 9999.0,
                            "basePriceWithTax": 9999.0,
                            "currency": "EUR",
                            "taxRate": 0.0,
                            "discount": 0.0,
                            "shipping": 0.0,
                            "shippingMethod": "2",
                            "shippingMethodID": "2",
                            "price": 9999.0,
                            "priceWithTax": 9999.0
                        },
                        "offerURL": "https://www.fnac.com/Radiocomman/srefB150B3EB-3A1F-3D3F-9C1D-ADAF4AF3E0CF",
                        "fulfillment": "Radiocomman"
                    }
                ],
                "offerID": "00000000-0000-0000-0000-000000000000",
                "sellerType": "fnac",
                "sellerName": "FNAC.COM",
                "sellerID": "00000000-0000-0000-0000-000000000000",
                "sellerLocation": "Other",
                "condition": "new",
                "availability": "En Stock",
                "availabilityType": "in-stock",
                "availabilityID": "199"
            },
            "category": {
                "primaryCategoryID": "29",
                "subCategory1": "Téléphone Mobile",
                "subCategory1ID": "16049"
            },
            "linkedProduct": [],
            "price": {
                "basePrice": 914.17,
                "basePriceWithTax": 1099.0,
                "currency": "EUR",
                "taxRate": 0.16666362807657248,
                "discount": 0.0,
                "shipping": 0.0,
                "shippingMethod": "Standard",
                "shippingMethodID": "1",
                "price": 914.17,
                "priceWithTax": 1099.0
            }
        }
    ]
}