{
    "$schema": "https://www.fnac.com/json-schema/digital-data/custom-ceddl-01",
    "pageInstanceID": "production-fnaccom-fr-fr-FR-a18573442",
    "page": {
        "pageInfo": {
            "pageID": "a18573442",
            "pageName": "Apple iPhone 15 6,1\" 5G Double SIM 512 Go Noir",
            "sysEnv": "frprdnavgG7W8SK",
            "breadCrumbs": [
                "Accueil",
                "Smartphones et Objets Connectés",
                "iPhone",
                "Apple iPhone 15 6,1\" 5G Double SIM 512 Go Noir"
            ],
            "version": "22.1.24297.6",
            "issueDate": "2024-10-28T07:06:32.2315339Z",
            "destinationURL": "https://www.fnac.com/Apple-iPhone-15-6-1-5G-Double-SIM-512-Go-Noir/a18573442/w-4",
            "language": "fr-FR"
        },
        "attributes": {
            "environment": "production",
            "deviceType": "desktop-web",
            "siteID": "fnaccom",
            "marketID": "fr",
            "statusCode": 200,
            "statusText": "OK",
            "entityID": "1-18573442",
            "entityName": "Apple iPhone 15 6,1\" 5G Double SIM 512 Go Noir"
        },
        "category": {
            "pageTemplate": "~/Nav/Core/Views/Article/Index.cshtml",
            "pageType": "product-page",
            "pathID": "56549",
            "primaryCategory": "Smartphones et Objets Connectés",
            "primaryCategoryID": "9455041",
            "virtualPrimaryCategoryId": "-54"
        }
    },
    "product": [
        {
            "productInfo": {
                "productID": "18573442",
                "productName": "Apple iPhone 15 6,1\" 5G Double SIM 512 Go Noir",
                "description": "&bull; DYNAMIC ISLAND ARRIVE SUR L&rsquo;IPHONE 15 &ndash; Dynamic Island fait remonter vos alertes et Activit&eacute;s en direct, pour que rien ne vous &eacute;chappe quand vous avez l&rsquo;esprit ailleurs. Voyez qui vous appelle, v&eacute;rifiez le statut de votre vol et faites bien plus encore.&bull; DESIGN INNOVANT &ndash; L&rsquo;iPhone 15 pr&eacute;sente un design r&eacute;sistant en aluminium et verre teint&eacute; dans la masse. Il r&eacute;siste aux &eacute;claboussures, &agrave; l&rsquo;eau et &agrave; la poussi&egrave;re. Sa face...",
                "productURL": "https://www.fnac.com/Apple-iPhone-15-6-1-5G-Double-SIM-512-Go-Noir/a18573442/w-4",
                "manufacturer": "Apple",
                "sku": "9268205",
                "gtin": "0195949037863",
                "mpn": "MTPC3ZD/A"
            },
            "attributes": {
                "catalog": "newref",
                "nature": "physic",
                "type": "good",
                "currentOffer": {
                    "offerID": "00000000-0000-0000-0000-000000000000",
                    "sellerType": "fnac",
                    "seller": "FNAC.COM",
                    "sellerID": "00000000-0000-0000-0000-000000000000",
                    "sellerLocation": "Other",
                    "condition": "new",
                    "price": {
                        "basePrice": 1247.0,
                        "basePriceWithTax": 1247.0,
                        "currency": "EUR",
                        "taxRate": 0.0,
                        "discount": 0.0,
                        "shipping": 0.0,
                        "shippingMethod": "2",
                        "shippingMethodID": "2",
                        "price": 1247.0,
                        "priceWithTax": 1247.0
                    },
                    "offerURL": "https://www.fnac.com/FNAC-COM/sref00000000-0000-0000-0000-000000000000",
                    "fulfillment": "FNAC.COM"
                },
                "salesCategory": "5",
                "labRating": 5.0,
                "offer": [
                    {
                        "offerID": "00000000-0000-0000-0000-000000000000",
                        "sellerType": "fnac",
                        "seller": "FNAC.COM",
                        "sellerID": "00000000-0000-0000-0000-000000000000",
                        "sellerLocation": "Other",
                        "condition": "new",
                        "price": {
                            "basePrice": 1247.0,
                            "basePriceWithTax": 1247.0,
                            "currency": "EUR",
                            "taxRate": 0.0,
                            "discount": 0.0,
                            "shipping": 0.0,
                            "shippingMethod": "2",
                            "shippingMethodID": "2",
                            "price": 1247.0,
                            "priceWithTax": 1247.0
                        },
                        "offerURL": "https://www.fnac.com/FNAC-COM/sref00000000-0000-0000-0000-000000000000",
                        "fulfillment": "FNAC.COM"
                    },
                    {
                        "offerID": "6353dc5c-77d9-dce0-0c25-ba447a895ef2",
                        "sellerType": "professional",
                        "seller": "Radiocomman",
                        "sellerID": "b150b3eb-3a1f-3d3f-9c1d-adaf4af3e0cf",
                        "sellerLocation": "Other",
                        "condition": "like-new",
                        "price": {
                            "basePrice": 829.98,
                            "basePriceWithTax": 829.98,
                            "currency": "EUR",
                            "taxRate": 0.0,
                            "discount": 0.0,
                            "shipping": 0.0,
                            "shippingMethod": "2",
                            "shippingMethodID": "2",
                            "price": 829.98,
                            "priceWithTax": 829.98
                        },
                        "offerURL": "https://www.fnac.com/Radiocomman/srefB150B3EB-3A1F-3D3F-9C1D-ADAF4AF3E0CF",
                        "fulfillment": "Radiocomman"
                    },
                    {
                        "offerID": "1cdf0527-9db7-2045-a815-48d98e5d83d5",
                        "sellerType": "professional",
                        "seller": "CARRE MOBILE",
                        "sellerID": "c9c590b1-9c78-4f78-6837-90633adc5b0c",
                        "sellerLocation": "Other",
                        "condition": "like-new",
                        "price": {
                            "basePrice": 829.99,
                            "basePriceWithTax": 829.99,
                            "currency": "EUR",
                            "taxRate": 0.0,
                            "discount": 0.0,
                            "shipping": 0.0,
                            "shippingMethod": "2",
                            "shippingMethodID": "2",
                            "price": 829.99,
                            "priceWithTax": 829.99
                        },
                        "offerURL": "https://www.fnac.com/CARRE-MOBILE/srefC9C590B1-9C78-4F78-6837-90633ADC5B0C",
                        "fulfillment": "CARRE MOBILE"
                    },
                    {
                        "offerID": "511a0344-72a0-b4e9-104c-acba0619cb37",
                        "sellerType": "professional",
                        "seller": "Fnac Herblay",
                        "sellerID": "d4d4e805-daf8-c189-2fe8-67b67f58982d",
                        "sellerLocation": "Other",
                        "condition": "acceptable",
                        "price": {
                            "basePrice": 1249.0,
                            "basePriceWithTax": 1249.0,
                            "currency": "EUR",
                            "taxRate": 0.0,
                            "discount": 0.1401200960768615,
                            "shipping": 0.0,
                            "shippingMethod": "2",
                            "shippingMethodID": "2",
                            "price": 1073.99,
                            "priceWithTax": 1073.99
                        },
                        "offerURL": "https://www.fnac.com/Fnac-Herblay/srefD4D4E805-DAF8-C189-2FE8-67B67F58982D",
                        "fulfillment": "Fnac Herblay"
                    },
                    {
                        "offerID": "3398316b-1b7b-ed9e-801b-534b2e05f4ce",
                        "sellerType": "professional",
                        "seller": "RPSTechnologies",
                        "sellerID": "eed20d12-ff6b-e571-fbf6-c8103f502bde",
                        "sellerLocation": "Local",
                        "condition": "good",
                        "price": {
                            "basePrice": 1109.0,
                            "basePriceWithTax": 1109.0,
                            "currency": "EUR",
                            "taxRate": 0.0,
                            "discount": 0.0,
                            "shipping": 8.29,
                            "shippingMethod": "2",
                            "shippingMethodID": "2",
                            "price": 1109.0,
                            "priceWithTax": 1109.0
                        },
                        "offerURL": "https://www.fnac.com/RPSTechnologies/srefEED20D12-FF6B-E571-FBF6-C8103F502BDE",
                        "fulfillment": "RPSTechnologies"
                    },
                    {
                        "offerID": "02a48dce-a5e8-9ca0-8107-35072926fb4e",
                        "sellerType": "professional",
                        "seller": "Fnac Forum",
                        "sellerID": "c2762075-ecc3-3f89-c3f9-c6152859c410",
                        "sellerLocation": "Local",
                        "condition": "very-good",
                        "price": {
                            "basePrice": 1249.0,
                            "basePriceWithTax": 1249.0,
                            "currency": "EUR",
                            "taxRate": 0.0,
                            "discount": 0.10008807045636509,
                            "shipping": 0.0,
                            "shippingMethod": "2",
                            "shippingMethodID": "2",
                            "price": 1123.99,
                            "priceWithTax": 1123.99
                        },
                        "offerURL": "https://www.fnac.com/Fnac-Forum/srefC2762075-ECC3-3F89-C3F9-C6152859C410",
                        "fulfillment": "Fnac Forum"
                    },
                    {
                        "offerID": "099f39ad-ca07-be53-93f2-f6b5417a33b0",
                        "sellerType": "professional",
                        "seller": "RPSTechnologies",
                        "sellerID": "eed20d12-ff6b-e571-fbf6-c8103f502bde",
                        "sellerLocation": "Local",
                        "condition": "very-good",
                        "price": {
                            "basePrice": 1119.0,
                            "basePriceWithTax": 1119.0,
                            "currency": "EUR",
                            "taxRate": 0.0,
                            "discount": 0.0,
                            "shipping": 8.29,
                            "shippingMethod": "2",
                            "shippingMethodID": "2",
                            "price": 1119.0,
                            "priceWithTax": 1119.0
                        },
                        "offerURL": "https://www.fnac.com/RPSTechnologies/srefEED20D12-FF6B-E571-FBF6-C8103F502BDE",
                        "fulfillment": "RPSTechnologies"
                    },
                    {
                        "offerID": "040ba554-806f-a2ab-de45-9537164404d5",
                        "sellerType": "professional",
                        "seller": "RPSTechnologies",
                        "sellerID": "eed20d12-ff6b-e571-fbf6-c8103f502bde",
                        "sellerLocation": "Local",
                        "condition": "like-new",
                        "price": {
                            "basePrice": 1129.0,
                            "basePriceWithTax": 1129.0,
                            "currency": "EUR",
                            "taxRate": 0.0,
                            "discount": 0.0,
                            "shipping": 8.29,
                            "shippingMethod": "2",
                            "shippingMethodID": "2",
                            "price": 1129.0,
                            "priceWithTax": 1129.0
                        },
                        "offerURL": "https://www.fnac.com/RPSTechnologies/srefEED20D12-FF6B-E571-FBF6-C8103F502BDE",
                        "fulfillment": "RPSTechnologies"
                    }
                ],
                "offerID": "00000000-0000-0000-0000-000000000000",
                "sellerType": "fnac",
                "sellerName": "FNAC.COM",
                "sellerID": "00000000-0000-0000-0000-000000000000",
                "sellerLocation": "Other",
                "condition": "new",
                "availability": "En Stock",
                "availabilityType": "in-stock",
                "availabilityID": "199"
            },
            "category": {
                "primaryCategoryID": "29",
                "subCategory1": "Téléphone Mobile",
                "subCategory1ID": "16049"
            },
            "linkedProduct": [],
            "price": {
                "basePrice": 1039.17,
                "basePriceWithTax": 1249.0,
                "currency": "EUR",
                "taxRate": 0.16666399358460304,
                "discount": 0.0,
                "shipping": 0.0,
                "shippingMethod": "Standard",
                "shippingMethodID": "1",
                "price": 1039.17,
                "priceWithTax": 1249.0
            }
        }
    ]
}