{
    "$schema": "https://www.fnac.com/json-schema/digital-data/custom-ceddl-01",
    "pageInstanceID": "production-fnaccom-fr-fr-FR-a18573506",
    "page": {
        "pageInfo": {
            "pageID": "a18573506",
            "pageName": "Apple iPhone 15 Plus 6,7\" 5G Double SIM 128 Go Noir",
            "sysEnv": "FCS1WPWEBFR11",
            "breadCrumbs": [
                "Accueil",
                "Smartphones et Objets Connectés",
                "iPhone",
                "Apple iPhone 15 Plus 6,7\" 5G Double SIM 128 Go Noir"
            ],
            "version": "22.1.24297.6",
            "issueDate": "2024-10-27T13:35:54.9508232Z",
            "destinationURL": "https://www.fnac.com/Apple-iPhone-15-Plus-6-7-5G-Double-SIM-128-Go-Noir/a18573506/w-4",
            "language": "fr-FR"
        },
        "attributes": {
            "environment": "production",
            "deviceType": "desktop-web",
            "siteID": "fnaccom",
            "marketID": "fr",
            "statusCode": 200,
            "statusText": "OK",
            "entityID": "1-18573506",
            "entityName": "Apple iPhone 15 Plus 6,7\" 5G Double SIM 128 Go Noir"
        },
        "category": {
            "pageTemplate": "~/Nav/Core/Views/Article/Index.cshtml",
            "pageType": "product-page",
            "pathID": "56549",
            "primaryCategory": "Smartphones et Objets Connectés",
            "primaryCategoryID": "9455041",
            "virtualPrimaryCategoryId": "-54"
        }
    },
    "product": [
        {
            "productInfo": {
                "productID": "18573506",
                "productName": "Apple iPhone 15 Plus 6,7\" 5G Double SIM 128 Go Noir",
                "description": "&bull; DYNAMIC ISLAND ARRIVE SUR L&rsquo;IPHONE 15 &ndash; Dynamic Island fait remonter vos alertes et Activit&eacute;s en direct, pour que rien ne vous &eacute;chappe quand vous avez l&rsquo;esprit ailleurs. Voyez qui vous appelle, v&eacute;rifiez le statut de votre vol et faites bien plus encore.&bull; DESIGN INNOVANT &ndash; L&rsquo;iPhone 15 pr&eacute;sente un design r&eacute;sistant en aluminium et verre teint&eacute; dans la masse. Il r&eacute;siste aux &eacute;claboussures, &agrave; l&rsquo;eau et &agrave; la poussi&egrave;re1. Sa face...",
                "productURL": "https://www.fnac.com/Apple-iPhone-15-Plus-6-7-5G-Double-SIM-128-Go-Noir/a18573506/w-4",
                "manufacturer": "Apple",
                "sku": "9268187",
                "gtin": "0195949040733",
                "mpn": "MU0Y3ZD/A"
            },
            "attributes": {
                "catalog": "newref",
                "nature": "physic",
                "type": "good",
                "currentOffer": {
                    "offerID": "00000000-0000-0000-0000-000000000000",
                    "sellerType": "fnac",
                    "seller": "FNAC.COM",
                    "sellerID": "00000000-0000-0000-0000-000000000000",
                    "sellerLocation": "Other",
                    "condition": "new",
                    "price": {
                        "basePrice": 967.0,
                        "basePriceWithTax": 967.0,
                        "currency": "EUR",
                        "taxRate": 0.0,
                        "discount": 0.0,
                        "shipping": 0.0,
                        "shippingMethod": "2",
                        "shippingMethodID": "2",
                        "price": 967.0,
                        "priceWithTax": 967.0
                    },
                    "offerURL": "https://www.fnac.com/FNAC-COM/sref00000000-0000-0000-0000-000000000000",
                    "fulfillment": "FNAC.COM"
                },
                "salesCategory": "1",
                "userRating": 5.0,
                "labRating": 5.0,
                "offer": [
                    {
                        "offerID": "00000000-0000-0000-0000-000000000000",
                        "sellerType": "fnac",
                        "seller": "FNAC.COM",
                        "sellerID": "00000000-0000-0000-0000-000000000000",
                        "sellerLocation": "Other",
                        "condition": "new",
                        "price": {
                            "basePrice": 967.0,
                            "basePriceWithTax": 967.0,
                            "currency": "EUR",
                            "taxRate": 0.0,
                            "discount": 0.0,
                            "shipping": 0.0,
                            "shippingMethod": "2",
                            "shippingMethodID": "2",
                            "price": 967.0,
                            "priceWithTax": 967.0
                        },
                        "offerURL": "https://www.fnac.com/FNAC-COM/sref00000000-0000-0000-0000-000000000000",
                        "fulfillment": "FNAC.COM"
                    },
                    {
                        "offerID": "ba5cc8eb-ec00-336a-b5d2-fd4533f28905",
                        "sellerType": "professional",
                        "seller": "Fnac 2nde vie",
                        "sellerID": "2a489857-6b1d-9b7d-6bb0-7a2a8a914ce2",
                        "sellerLocation": "Other",
                        "condition": "very-good",
                        "price": {
                            "basePrice": 969.0,
                            "basePriceWithTax": 969.0,
                            "currency": "EUR",
                            "taxRate": 0.0,
                            "discount": 0.21982456140350878,
                            "shipping": 0.0,
                            "shippingMethod": "2",
                            "shippingMethodID": "2",
                            "price": 755.99,
                            "priceWithTax": 755.99
                        },
                        "offerURL": "https://www.fnac.com/Fnac-2nde-vie/sref2A489857-6B1D-9B7D-6BB0-7A2A8A914CE2",
                        "fulfillment": "Fnac 2nde vie"
                    },
                    {
                        "offerID": "a73cda82-b1e0-b317-6585-a3976f8e2a41",
                        "sellerType": "professional",
                        "seller": "Alloccaz",
                        "sellerID": "392d3f1a-6f54-d652-90a1-42e695943c52",
                        "sellerLocation": "Local",
                        "condition": "good",
                        "price": {
                            "basePrice": 818.0,
                            "basePriceWithTax": 818.0,
                            "currency": "EUR",
                            "taxRate": 0.0,
                            "discount": 0.0,
                            "shipping": 0.0,
                            "shippingMethod": "2",
                            "shippingMethodID": "2",
                            "price": 818.0,
                            "priceWithTax": 818.0
                        },
                        "offerURL": "https://www.fnac.com/Alloccaz/sref392D3F1A-6F54-D652-90A1-42E695943C52",
                        "fulfillment": "Alloccaz"
                    },
                    {
                        "offerID": "da6a041f-6b40-b48c-da34-cc2c3ffac6e9",
                        "sellerType": "professional",
                        "seller": "Alloccaz",
                        "sellerID": "392d3f1a-6f54-d652-90a1-42e695943c52",
                        "sellerLocation": "Local",
                        "condition": "very-good",
                        "price": {
                            "basePrice": 838.0,
                            "basePriceWithTax": 838.0,
                            "currency": "EUR",
                            "taxRate": 0.0,
                            "discount": 0.0,
                            "shipping": 0.0,
                            "shippingMethod": "2",
                            "shippingMethodID": "2",
                            "price": 838.0,
                            "priceWithTax": 838.0
                        },
                        "offerURL": "https://www.fnac.com/Alloccaz/sref392D3F1A-6F54-D652-90A1-42E695943C52",
                        "fulfillment": "Alloccaz"
                    },
                    {
                        "offerID": "e99c68ac-0a8a-8119-2c6a-11933631a491",
                        "sellerType": "professional",
                        "seller": "Smartfone - France",
                        "sellerID": "e4a3d97e-bb60-90ce-0432-2dea8f77e722",
                        "sellerLocation": "Local",
                        "condition": "like-new",
                        "price": {
                            "basePrice": 854.0,
                            "basePriceWithTax": 854.0,
                            "currency": "EUR",
                            "taxRate": 0.0,
                            "discount": 0.0,
                            "shipping": 0.0,
                            "shippingMethod": "2",
                            "shippingMethodID": "2",
                            "price": 854.0,
                            "priceWithTax": 854.0
                        },
                        "offerURL": "https://www.fnac.com/Smartfone-France/srefE4A3D97E-BB60-90CE-0432-2DEA8F77E722",
                        "fulfillment": "Smartfone - France"
                    },
                    {
                        "offerID": "3fee2383-c29e-18ec-58c2-c28ccb1b968f",
                        "sellerType": "professional",
                        "seller": "Nest Green",
                        "sellerID": "ea4bc972-f940-1d30-d717-5eef3f4d18f5",
                        "sellerLocation": "Local",
                        "condition": "acceptable",
                        "price": {
                            "basePrice": 855.0,
                            "basePriceWithTax": 855.0,
                            "currency": "EUR",
                            "taxRate": 0.0,
                            "discount": 0.0,
                            "shipping": 0.0,
                            "shippingMethod": "2",
                            "shippingMethodID": "2",
                            "price": 855.0,
                            "priceWithTax": 855.0
                        },
                        "offerURL": "https://www.fnac.com/Nest-Green/srefEA4BC972-F940-1D30-D717-5EEF3F4D18F5",
                        "fulfillment": "Nest Green"
                    },
                    {
                        "offerID": "e0ecc821-3a06-da9b-210c-75a7fe892da4",
                        "sellerType": "professional",
                        "seller": "Alloccaz",
                        "sellerID": "392d3f1a-6f54-d652-90a1-42e695943c52",
                        "sellerLocation": "Local",
                        "condition": "like-new",
                        "price": {
                            "basePrice": 858.0,
                            "basePriceWithTax": 858.0,
                            "currency": "EUR",
                            "taxRate": 0.0,
                            "discount": 0.0,
                            "shipping": 0.0,
                            "shippingMethod": "2",
                            "shippingMethodID": "2",
                            "price": 858.0,
                            "priceWithTax": 858.0
                        },
                        "offerURL": "https://www.fnac.com/Alloccaz/sref392D3F1A-6F54-D652-90A1-42E695943C52",
                        "fulfillment": "Alloccaz"
                    },
                    {
                        "offerID": "86b6ae9a-da3d-5dc3-b60c-8ebefd7a6bfa",
                        "sellerType": "professional",
                        "seller": "Nest Green",
                        "sellerID": "ea4bc972-f940-1d30-d717-5eef3f4d18f5",
                        "sellerLocation": "Local",
                        "condition": "good",
                        "price": {
                            "basePrice": 859.0,
                            "basePriceWithTax": 859.0,
                            "currency": "EUR",
                            "taxRate": 0.0,
                            "discount": 0.0,
                            "shipping": 0.0,
                            "shippingMethod": "2",
                            "shippingMethodID": "2",
                            "price": 859.0,
                            "priceWithTax": 859.0
                        },
                        "offerURL": "https://www.fnac.com/Nest-Green/srefEA4BC972-F940-1D30-D717-5EEF3F4D18F5",
                        "fulfillment": "Nest Green"
                    },
                    {
                        "offerID": "95dc4c86-4306-0370-0c22-76bb19f31db6",
                        "sellerType": "professional",
                        "seller": "Nest Green",
                        "sellerID": "ea4bc972-f940-1d30-d717-5eef3f4d18f5",
                        "sellerLocation": "Local",
                        "condition": "very-good",
                        "price": {
                            "basePrice": 865.89,
                            "basePriceWithTax": 865.89,
                            "currency": "EUR",
                            "taxRate": 0.0,
                            "discount": 0.0,
                            "shipping": 0.0,
                            "shippingMethod": "2",
                            "shippingMethodID": "2",
                            "price": 865.89,
                            "priceWithTax": 865.89
                        },
                        "offerURL": "https://www.fnac.com/Nest-Green/srefEA4BC972-F940-1D30-D717-5EEF3F4D18F5",
                        "fulfillment": "Nest Green"
                    },
                    {
                        "offerID": "569735c6-f8e7-c783-f620-84f3482075ba",
                        "sellerType": "professional",
                        "seller": "Rev Digital FR",
                        "sellerID": "17c3e886-500d-96a0-58dd-04e64cac6cf6",
                        "sellerLocation": "European",
                        "condition": "like-new",
                        "price": {
                            "basePrice": 916.0,
                            "basePriceWithTax": 916.0,
                            "currency": "EUR",
                            "taxRate": 0.0,
                            "discount": 0.0,
                            "shipping": 0.0,
                            "shippingMethod": "2",
                            "shippingMethodID": "2",
                            "price": 916.0,
                            "priceWithTax": 916.0
                        },
                        "offerURL": "https://www.fnac.com/Rev-Digital-FR/sref17C3E886-500D-96A0-58DD-04E64CAC6CF6",
                        "fulfillment": "Rev Digital FR"
                    },
                    {
                        "offerID": "8d89f03b-171c-932b-1ed0-64d307d01520",
                        "sellerType": "professional",
                        "seller": "Fnac Lille",
                        "sellerID": "f9638f60-0782-fa87-1394-46dd4bcd3506",
                        "sellerLocation": "Other",
                        "condition": "good",
                        "price": {
                            "basePrice": 969.0,
                            "basePriceWithTax": 969.0,
                            "currency": "EUR",
                            "taxRate": 0.0,
                            "discount": 0.1795768833849329,
                            "shipping": 0.0,
                            "shippingMethod": "2",
                            "shippingMethodID": "2",
                            "price": 794.99,
                            "priceWithTax": 794.99
                        },
                        "offerURL": "https://www.fnac.com/Fnac-Lille/srefF9638F60-0782-FA87-1394-46DD4BCD3506",
                        "fulfillment": "Fnac Lille"
                    },
                    {
                        "offerID": "74b236c3-2329-9ec9-0d9b-5a4b11cd2f05",
                        "sellerType": "professional",
                        "seller": "Fnac Cergy",
                        "sellerID": "c4b07a2f-01f1-e482-a231-f806d712f9f1",
                        "sellerLocation": "Other",
                        "condition": "very-good",
                        "price": {
                            "basePrice": 969.0,
                            "basePriceWithTax": 969.0,
                            "currency": "EUR",
                            "taxRate": 0.0,
                            "discount": 0.15996904024767802,
                            "shipping": 0.0,
                            "shippingMethod": "2",
                            "shippingMethodID": "2",
                            "price": 813.99,
                            "priceWithTax": 813.99
                        },
                        "offerURL": "https://www.fnac.com/Fnac-Cergy/srefC4B07A2F-01F1-E482-A231-F806D712F9F1",
                        "fulfillment": "Fnac Cergy"
                    },
                    {
                        "offerID": "40164846-5d01-9a80-8992-b469dbacb460",
                        "sellerType": "professional",
                        "seller": "e-Recycle - Reconditionné en France",
                        "sellerID": "9beb6541-7989-6389-8073-9913499a87e5",
                        "sellerLocation": "Local",
                        "condition": "very-good",
                        "price": {
                            "basePrice": 869.9,
                            "basePriceWithTax": 869.9,
                            "currency": "EUR",
                            "taxRate": 0.0,
                            "discount": 0.0,
                            "shipping": 0.0,
                            "shippingMethod": "2",
                            "shippingMethodID": "2",
                            "price": 869.9,
                            "priceWithTax": 869.9
                        },
                        "offerURL": "https://www.fnac.com/e-Recycle-Reconditionne-en-France/sref9BEB6541-7989-6389-8073-9913499A87E5",
                        "fulfillment": "e-Recycle - Reconditionné en France"
                    },
                    {
                        "offerID": "c47d5a3e-d960-1040-5320-83a922ba6315",
                        "sellerType": "professional",
                        "seller": "Npie",
                        "sellerID": "a17e812f-b852-459f-ae3b-702cdfc908cf",
                        "sellerLocation": "Other",
                        "condition": "very-good",
                        "price": {
                            "basePrice": 899.17,
                            "basePriceWithTax": 899.17,
                            "currency": "EUR",
                            "taxRate": 0.0,
                            "discount": 0.0,
                            "shipping": 0.0,
                            "shippingMethod": "2",
                            "shippingMethodID": "2",
                            "price": 899.17,
                            "priceWithTax": 899.17
                        },
                        "offerURL": "https://www.fnac.com/Npie/srefA17E812F-B852-459F-AE3B-702CDFC908CF",
                        "fulfillment": "Npie"
                    },
                    {
                        "offerID": "8bce7c34-67ea-2d9e-3bc3-17210f10257e",
                        "sellerType": "professional",
                        "seller": "e-Recycle - Reconditionné en France",
                        "sellerID": "9beb6541-7989-6389-8073-9913499a87e5",
                        "sellerLocation": "Local",
                        "condition": "like-new",
                        "price": {
                            "basePrice": 909.9,
                            "basePriceWithTax": 909.9,
                            "currency": "EUR",
                            "taxRate": 0.0,
                            "discount": 0.0,
                            "shipping": 0.0,
                            "shippingMethod": "2",
                            "shippingMethodID": "2",
                            "price": 909.9,
                            "priceWithTax": 909.9
                        },
                        "offerURL": "https://www.fnac.com/e-Recycle-Reconditionne-en-France/sref9BEB6541-7989-6389-8073-9913499A87E5",
                        "fulfillment": "e-Recycle - Reconditionné en France"
                    },
                    {
                        "offerID": "7697c651-9504-c704-ac1f-b806a865bd5c",
                        "sellerType": "professional",
                        "seller": "RPSTechnologies",
                        "sellerID": "eed20d12-ff6b-e571-fbf6-c8103f502bde",
                        "sellerLocation": "Local",
                        "condition": "good",
                        "price": {
                            "basePrice": 909.0,
                            "basePriceWithTax": 909.0,
                            "currency": "EUR",
                            "taxRate": 0.0,
                            "discount": 0.0,
                            "shipping": 8.29,
                            "shippingMethod": "2",
                            "shippingMethodID": "2",
                            "price": 909.0,
                            "priceWithTax": 909.0
                        },
                        "offerURL": "https://www.fnac.com/RPSTechnologies/srefEED20D12-FF6B-E571-FBF6-C8103F502BDE",
                        "fulfillment": "RPSTechnologies"
                    },
                    {
                        "offerID": "c1fddd53-7b3d-b202-79fe-35311bc0cb1d",
                        "sellerType": "professional",
                        "seller": "RPSTechnologies",
                        "sellerID": "eed20d12-ff6b-e571-fbf6-c8103f502bde",
                        "sellerLocation": "Local",
                        "condition": "very-good",
                        "price": {
                            "basePrice": 919.0,
                            "basePriceWithTax": 919.0,
                            "currency": "EUR",
                            "taxRate": 0.0,
                            "discount": 0.0,
                            "shipping": 8.29,
                            "shippingMethod": "2",
                            "shippingMethodID": "2",
                            "price": 919.0,
                            "priceWithTax": 919.0
                        },
                        "offerURL": "https://www.fnac.com/RPSTechnologies/srefEED20D12-FF6B-E571-FBF6-C8103F502BDE",
                        "fulfillment": "RPSTechnologies"
                    },
                    {
                        "offerID": "f90554a1-02b7-a88c-f40b-f8ed2da5a7b7",
                        "sellerType": "professional",
                        "seller": "RPSTechnologies",
                        "sellerID": "eed20d12-ff6b-e571-fbf6-c8103f502bde",
                        "sellerLocation": "Local",
                        "condition": "like-new",
                        "price": {
                            "basePrice": 929.0,
                            "basePriceWithTax": 929.0,
                            "currency": "EUR",
                            "taxRate": 0.0,
                            "discount": 0.0,
                            "shipping": 8.29,
                            "shippingMethod": "2",
                            "shippingMethodID": "2",
                            "price": 929.0,
                            "priceWithTax": 929.0
                        },
                        "offerURL": "https://www.fnac.com/RPSTechnologies/srefEED20D12-FF6B-E571-FBF6-C8103F502BDE",
                        "fulfillment": "RPSTechnologies"
                    },
                    {
                        "offerID": "65c3f019-bef1-15b4-f1b9-8398068ea3b5",
                        "sellerType": "professional",
                        "seller": "Radiocomman",
                        "sellerID": "b150b3eb-3a1f-3d3f-9c1d-adaf4af3e0cf",
                        "sellerLocation": "Other",
                        "condition": "like-new",
                        "price": {
                            "basePrice": 9999.0,
                            "basePriceWithTax": 9999.0,
                            "currency": "EUR",
                            "taxRate": 0.0,
                            "discount": 0.0,
                            "shipping": 0.0,
                            "shippingMethod": "2",
                            "shippingMethodID": "2",
                            "price": 9999.0,
                            "priceWithTax": 9999.0
                        },
                        "offerURL": "https://www.fnac.com/Radiocomman/srefB150B3EB-3A1F-3D3F-9C1D-ADAF4AF3E0CF",
                        "fulfillment": "Radiocomman"
                    }
                ],
                "offerID": "00000000-0000-0000-0000-000000000000",
                "sellerType": "fnac",
                "sellerName": "FNAC.COM",
                "sellerID": "00000000-0000-0000-0000-000000000000",
                "sellerLocation": "Other",
                "condition": "new",
                "availability": "En Stock",
                "availabilityType": "in-stock",
                "availabilityID": "199"
            },
            "category": {
                "primaryCategoryID": "29",
                "subCategory1": "Téléphone Mobile",
                "subCategory1ID": "16049"
            },
            "linkedProduct": [],
            "price": {
                "basePrice": 805.83,
                "basePriceWithTax": 969.0,
                "currency": "EUR",
                "taxRate": 0.16667011375387797,
                "discount": 0.0,
                "shipping": 0.0,
                "shippingMethod": "Standard",
                "shippingMethodID": "1",
                "price": 805.83,
                "priceWithTax": 969.0
            }
        }
    ]
}