{
    "$schema": "https://www.fnac.com/json-schema/digital-data/custom-ceddl-01",
    "pageInstanceID": "production-fnaccom-fr-fr-FR-a19813594",
    "page": {
        "pageInfo": {
            "pageID": "a19813594",
            "pageName": "Apple iPhone 16 6,1\" 5G 128 Go Double SIM Noir",
            "sysEnv": "FCS1WPWEBFR12",
            "breadCrumbs": [
                "Accueil",
                "Smartphones et Objets Connectés",
                "iPhone",
                "Apple iPhone 16 6,1\" 5G 128 Go Double SIM Noir"
            ],
            "version": "22.1.24297.6",
            "issueDate": "2024-10-28T10:22:07.1047056Z",
            "destinationURL": "https://www.fnac.com/Apple-iPhone-16-6-1-5G-128-Go-Double-SIM-Noir/a19813594/w-4",
            "language": "fr-FR"
        },
        "attributes": {
            "environment": "production",
            "deviceType": "desktop-web",
            "siteID": "fnaccom",
            "marketID": "fr",
            "statusCode": 200,
            "statusText": "OK",
            "entityID": "1-19813594",
            "entityName": "Apple iPhone 16 6,1\" 5G 128 Go Double SIM Noir"
        },
        "category": {
            "pageTemplate": "~/Nav/Core/Views/Article/Index.cshtml",
            "pageType": "product-page",
            "pathID": "56549",
            "primaryCategory": "Smartphones et Objets Connectés",
            "primaryCategoryID": "9455041",
            "virtualPrimaryCategoryId": "-54"
        }
    },
    "product": [
        {
            "productInfo": {
                "productID": "19813594",
                "productName": "Apple iPhone 16 6,1\" 5G 128 Go Double SIM Noir",
                "description": "Vous pouvez maintenant prendre une photo ou une vidéo parfaite en un temps record. Commande de l’appareil photo vous offre un accès plus rapide aux outils photo et vidéo. Glissez simplement le doigt pour ajuster des réglages comme l’exposition ou la profondeur de champ, changer d’objectif ou cadrer avec le zoom numérique. À vous les commandes.Grâce à la polyvalence du nouveau système photo de l’iPhone 16, vous pouvez réaliser des clichés saisissants, de près comme de loin. La caméra Fusion 48 Mpx deux-en-un vous permet de capturer des images...",
                "productURL": "https://www.fnac.com/Apple-iPhone-16-6-1-5G-128-Go-Double-SIM-Noir/a19813594/w-4",
                "manufacturer": "Apple",
                "sku": "9278926",
                "gtin": "0195949821967",
                "mpn": "MYE73ZD/A"
            },
            "attributes": {
                "catalog": "newref",
                "nature": "physic",
                "type": "good",
                "currentOffer": {
                    "offerID": "00000000-0000-0000-0000-000000000000",
                    "sellerType": "fnac",
                    "seller": "FNAC.COM",
                    "sellerID": "00000000-0000-0000-0000-000000000000",
                    "sellerLocation": "Other",
                    "condition": "new",
                    "price": {
                        "basePrice": 967.99,
                        "basePriceWithTax": 967.99,
                        "currency": "EUR",
                        "taxRate": 0.0,
                        "discount": 0.0,
                        "shipping": 0.0,
                        "shippingMethod": "2",
                        "shippingMethodID": "2",
                        "price": 967.99,
                        "priceWithTax": 967.99
                    },
                    "offerURL": "https://www.fnac.com/FNAC-COM/sref00000000-0000-0000-0000-000000000000",
                    "fulfillment": "FNAC.COM"
                },
                "salesCategory": "1",
                "userRating": 5.0,
                "offer": [
                    {
                        "offerID": "00000000-0000-0000-0000-000000000000",
                        "sellerType": "fnac",
                        "seller": "FNAC.COM",
                        "sellerID": "00000000-0000-0000-0000-000000000000",
                        "sellerLocation": "Other",
                        "condition": "new",
                        "price": {
                            "basePrice": 967.99,
                            "basePriceWithTax": 967.99,
                            "currency": "EUR",
                            "taxRate": 0.0,
                            "discount": 0.0,
                            "shipping": 0.0,
                            "shippingMethod": "2",
                            "shippingMethodID": "2",
                            "price": 967.99,
                            "priceWithTax": 967.99
                        },
                        "offerURL": "https://www.fnac.com/FNAC-COM/sref00000000-0000-0000-0000-000000000000",
                        "fulfillment": "FNAC.COM"
                    },
                    {
                        "offerID": "3033a306-7602-fdef-4d15-268f2a49a4be",
                        "sellerType": "professional",
                        "seller": "CoolKK",
                        "sellerID": "5dd5db6a-91c1-e884-2f7c-3f321f2a19a2",
                        "sellerLocation": "Local",
                        "condition": "like-new",
                        "price": {
                            "basePrice": 929.99,
                            "basePriceWithTax": 929.99,
                            "currency": "EUR",
                            "taxRate": 0.0,
                            "discount": 0.06451682276153507,
                            "shipping": 0.0,
                            "shippingMethod": "2",
                            "shippingMethodID": "2",
                            "price": 869.99,
                            "priceWithTax": 869.99
                        },
                        "offerURL": "https://www.fnac.com/CoolKK/sref5DD5DB6A-91C1-E884-2F7C-3F321F2A19A2",
                        "fulfillment": "CoolKK"
                    },
                    {
                        "offerID": "e8519937-d3ad-16f5-0a66-9ab896b99936",
                        "sellerType": "professional",
                        "seller": "Fnac 2nde vie",
                        "sellerID": "2a489857-6b1d-9b7d-6bb0-7a2a8a914ce2",
                        "sellerLocation": "Other",
                        "condition": "very-good",
                        "price": {
                            "basePrice": 969.99,
                            "basePriceWithTax": 969.99,
                            "currency": "EUR",
                            "taxRate": 0.0,
                            "discount": 0.04948504623759008,
                            "shipping": 0.0,
                            "shippingMethod": "2",
                            "shippingMethodID": "2",
                            "price": 921.99,
                            "priceWithTax": 921.99
                        },
                        "offerURL": "https://www.fnac.com/Fnac-2nde-vie/sref2A489857-6B1D-9B7D-6BB0-7A2A8A914CE2",
                        "fulfillment": "Fnac 2nde vie"
                    },
                    {
                        "offerID": "58113be5-972d-431a-f00f-90022e452743",
                        "sellerType": "professional",
                        "seller": "Fnac Thiais",
                        "sellerID": "c13e7325-10bb-bb63-8b00-f2beb4c8e8dd",
                        "sellerLocation": "Other",
                        "condition": "very-good",
                        "price": {
                            "basePrice": 969.99,
                            "basePriceWithTax": 969.99,
                            "currency": "EUR",
                            "taxRate": 0.0,
                            "discount": 0.04948504623759008,
                            "shipping": 0.0,
                            "shippingMethod": "2",
                            "shippingMethodID": "2",
                            "price": 921.99,
                            "priceWithTax": 921.99
                        },
                        "offerURL": "https://www.fnac.com/Fnac-Thiais/srefC13E7325-10BB-BB63-8B00-F2BEB4C8E8DD",
                        "fulfillment": "Fnac Thiais"
                    },
                    {
                        "offerID": "545efc63-41ce-aaa0-d3b0-4a2125332f2e",
                        "sellerType": "professional",
                        "seller": "Fnac Velizy",
                        "sellerID": "46e81f16-4c6c-fa53-e3f6-631c95c2292b",
                        "sellerLocation": "Other",
                        "condition": "good",
                        "price": {
                            "basePrice": 969.99,
                            "basePriceWithTax": 969.99,
                            "currency": "EUR",
                            "taxRate": 0.0,
                            "discount": 0.04948504623759008,
                            "shipping": 0.0,
                            "shippingMethod": "2",
                            "shippingMethodID": "2",
                            "price": 921.99,
                            "priceWithTax": 921.99
                        },
                        "offerURL": "https://www.fnac.com/Fnac-Velizy/sref46E81F16-4C6C-FA53-E3F6-631C95C2292B",
                        "fulfillment": "Fnac Velizy"
                    }
                ],
                "offerID": "00000000-0000-0000-0000-000000000000",
                "sellerType": "fnac",
                "sellerName": "FNAC.COM",
                "sellerID": "00000000-0000-0000-0000-000000000000",
                "sellerLocation": "Other",
                "condition": "new",
                "availability": "En Stock",
                "availabilityType": "in-stock",
                "availabilityID": "199"
            },
            "category": {
                "primaryCategoryID": "29",
                "subCategory1": "Téléphone Mobile",
                "subCategory1ID": "16049"
            },
            "linkedProduct": [],
            "price": {
                "basePrice": 806.66,
                "basePriceWithTax": 969.99,
                "currency": "EUR",
                "taxRate": 0.16666494488579428,
                "discount": 0.0,
                "shipping": 0.0,
                "shippingMethod": "Standard",
                "shippingMethodID": "1",
                "price": 806.66,
                "priceWithTax": 969.99
            }
        }
    ]
}