{
    "$schema": "https://www.fnac.com/json-schema/digital-data/custom-ceddl-01",
    "pageInstanceID": "production-fnaccom-fr-fr-FR-a19813461",
    "page": {
        "pageInfo": {
            "pageID": "a19813461",
            "pageName": "Apple iPhone 16 Plus 6,7\" 5G 512 Go Double SIM Noir",
            "sysEnv": "frprdnavgOSX6AA",
            "breadCrumbs": [
                "Accueil",
                "Smartphones et Objets Connectés",
                "Tous les téléphones",
                "Apple iPhone 16 Plus 6,7\" 5G 512 Go Double SIM Noir"
            ],
            "version": "22.1.24297.6",
            "issueDate": "2024-10-28T04:28:29.3736577Z",
            "destinationURL": "https://www.fnac.com/Apple-iPhone-16-Plus-6-7-5G-512-Go-Double-SIM-Noir/a19813461/w-4",
            "language": "fr-FR"
        },
        "attributes": {
            "environment": "production",
            "deviceType": "desktop-web",
            "siteID": "fnaccom",
            "marketID": "fr",
            "statusCode": 200,
            "statusText": "OK",
            "entityID": "1-19813461",
            "entityName": "Apple iPhone 16 Plus 6,7\" 5G 512 Go Double SIM Noir"
        },
        "category": {
            "pageTemplate": "~/Nav/Core/Views/Article/Index.cshtml",
            "pageType": "product-page",
            "pathID": "59030",
            "primaryCategory": "Smartphones et Objets Connectés",
            "primaryCategoryID": "9455041",
            "virtualPrimaryCategoryId": "-54"
        }
    },
    "product": [
        {
            "productInfo": {
                "productID": "19813461",
                "productName": "Apple iPhone 16 Plus 6,7\" 5G 512 Go Double SIM Noir",
                "description": "Vous pouvez maintenant prendre une photo ou une vidéo parfaite en un temps record. Commande de l’appareil photo vous offre un accès plus rapide aux outils photo et vidéo. Glissez simplement le doigt pour ajuster des réglages comme l’exposition ou la profondeur de champ, changer d’objectif ou cadrer avec le zoom numérique. À vous les commandes.Grâce à la polyvalence du nouveau système photo de l’iPhone 16, vous pouvez réaliser des clichés saisissants, de près comme de loin. La caméra Fusion 48 Mpx deux-en-un vous permet de capturer des images...",
                "productURL": "https://www.fnac.com/Apple-iPhone-16-Plus-6-7-5G-512-Go-Double-SIM-Noir/a19813461/w-4",
                "manufacturer": "Apple",
                "sku": "9278883",
                "gtin": "0195949724169",
                "mpn": "MY1P3ZD/A"
            },
            "attributes": {
                "catalog": "newref",
                "nature": "physic",
                "type": "good",
                "currentOffer": {
                    "offerID": "00000000-0000-0000-0000-000000000000",
                    "sellerType": "fnac",
                    "seller": "FNAC.COM",
                    "sellerID": "00000000-0000-0000-0000-000000000000",
                    "sellerLocation": "Other",
                    "condition": "new",
                    "price": {
                        "basePrice": 1497.99,
                        "basePriceWithTax": 1497.99,
                        "currency": "EUR",
                        "taxRate": 0.0,
                        "discount": 0.0,
                        "shipping": 0.0,
                        "shippingMethod": "2",
                        "shippingMethodID": "2",
                        "price": 1497.99,
                        "priceWithTax": 1497.99
                    },
                    "offerURL": "https://www.fnac.com/FNAC-COM/sref00000000-0000-0000-0000-000000000000",
                    "fulfillment": "FNAC.COM"
                },
                "salesCategory": "5",
                "offer": [
                    {
                        "offerID": "00000000-0000-0000-0000-000000000000",
                        "sellerType": "fnac",
                        "seller": "FNAC.COM",
                        "sellerID": "00000000-0000-0000-0000-000000000000",
                        "sellerLocation": "Other",
                        "condition": "new",
                        "price": {
                            "basePrice": 1497.99,
                            "basePriceWithTax": 1497.99,
                            "currency": "EUR",
                            "taxRate": 0.0,
                            "discount": 0.0,
                            "shipping": 0.0,
                            "shippingMethod": "2",
                            "shippingMethodID": "2",
                            "price": 1497.99,
                            "priceWithTax": 1497.99
                        },
                        "offerURL": "https://www.fnac.com/FNAC-COM/sref00000000-0000-0000-0000-000000000000",
                        "fulfillment": "FNAC.COM"
                    }
                ],
                "offerID": "00000000-0000-0000-0000-000000000000",
                "sellerType": "fnac",
                "sellerName": "FNAC.COM",
                "sellerID": "00000000-0000-0000-0000-000000000000",
                "sellerLocation": "Other",
                "condition": "new",
                "availability": "Bientôt en stock, expédié à partir du",
                "availabilityType": "out-of-stock",
                "availabilityID": "198"
            },
            "category": {
                "primaryCategoryID": "29",
                "subCategory1": "Téléphone Mobile",
                "subCategory1ID": "16049"
            },
            "linkedProduct": [],
            "price": {
                "basePrice": 1248.33,
                "basePriceWithTax": 1499.99,
                "currency": "EUR",
                "taxRate": 0.1666633288606733,
                "discount": 0.0,
                "shipping": 0.0,
                "shippingMethod": "Standard",
                "shippingMethodID": "1",
                "price": 1248.33,
                "priceWithTax": 1499.99
            }
        }
    ]
}