{
    "$schema": "https://www.fnac.com/json-schema/digital-data/custom-ceddl-01",
    "pageInstanceID": "production-fnaccom-fr-fr-FR-a19813597",
    "page": {
        "pageInfo": {
            "pageID": "a19813597",
            "pageName": "Apple iPhone 16 6,1\" 5G 512 Go Double SIM Noir",
            "sysEnv": "FCS1WPWEBFR2",
            "breadCrumbs": [
                "Accueil",
                "Smartphones et Objets Connectés",
                "iPhone",
                "Apple iPhone 16 6,1\" 5G 512 Go Double SIM Noir"
            ],
            "version": "22.1.24297.6",
            "issueDate": "2024-10-28T10:07:04.7999731Z",
            "destinationURL": "https://www.fnac.com/Apple-iPhone-16-6-1-5G-512-Go-Double-SIM-Noir/a19813597/w-4",
            "language": "fr-FR"
        },
        "attributes": {
            "environment": "production",
            "deviceType": "desktop-web",
            "siteID": "fnaccom",
            "marketID": "fr",
            "statusCode": 200,
            "statusText": "OK",
            "entityID": "1-19813597",
            "entityName": "Apple iPhone 16 6,1\" 5G 512 Go Double SIM Noir"
        },
        "category": {
            "pageTemplate": "~/Nav/Core/Views/Article/Index.cshtml",
            "pageType": "product-page",
            "pathID": "56549",
            "primaryCategory": "Smartphones et Objets Connectés",
            "primaryCategoryID": "9455041",
            "virtualPrimaryCategoryId": "-54"
        }
    },
    "product": [
        {
            "productInfo": {
                "productID": "19813597",
                "productName": "Apple iPhone 16 6,1\" 5G 512 Go Double SIM Noir",
                "description": "Vous pouvez maintenant prendre une photo ou une vidéo parfaite en un temps record. Commande de l’appareil photo vous offre un accès plus rapide aux outils photo et vidéo. Glissez simplement le doigt pour ajuster des réglages comme l’exposition ou la profondeur de champ, changer d’objectif ou cadrer avec le zoom numérique. À vous les commandes.Grâce à la polyvalence du nouveau système photo de l’iPhone 16, vous pouvez réaliser des clichés saisissants, de près comme de loin. La caméra Fusion 48 Mpx deux-en-un vous permet de capturer des images...",
                "productURL": "https://www.fnac.com/Apple-iPhone-16-6-1-5G-512-Go-Double-SIM-Noir/a19813597/w-4",
                "manufacturer": "Apple",
                "sku": "9278929",
                "gtin": "0195949823763",
                "mpn": "MYEK3ZD/A"
            },
            "attributes": {
                "catalog": "newref",
                "nature": "physic",
                "type": "good",
                "currentOffer": {
                    "offerID": "00000000-0000-0000-0000-000000000000",
                    "sellerType": "fnac",
                    "seller": "FNAC.COM",
                    "sellerID": "00000000-0000-0000-0000-000000000000",
                    "sellerLocation": "Other",
                    "condition": "new",
                    "price": {
                        "basePrice": 1347.99,
                        "basePriceWithTax": 1347.99,
                        "currency": "EUR",
                        "taxRate": 0.0,
                        "discount": 0.0,
                        "shipping": 0.0,
                        "shippingMethod": "2",
                        "shippingMethodID": "2",
                        "price": 1347.99,
                        "priceWithTax": 1347.99
                    },
                    "offerURL": "https://www.fnac.com/FNAC-COM/sref00000000-0000-0000-0000-000000000000",
                    "fulfillment": "FNAC.COM"
                },
                "salesCategory": "5",
                "userRating": 5.0,
                "offer": [
                    {
                        "offerID": "00000000-0000-0000-0000-000000000000",
                        "sellerType": "fnac",
                        "seller": "FNAC.COM",
                        "sellerID": "00000000-0000-0000-0000-000000000000",
                        "sellerLocation": "Other",
                        "condition": "new",
                        "price": {
                            "basePrice": 1347.99,
                            "basePriceWithTax": 1347.99,
                            "currency": "EUR",
                            "taxRate": 0.0,
                            "discount": 0.0,
                            "shipping": 0.0,
                            "shippingMethod": "2",
                            "shippingMethodID": "2",
                            "price": 1347.99,
                            "priceWithTax": 1347.99
                        },
                        "offerURL": "https://www.fnac.com/FNAC-COM/sref00000000-0000-0000-0000-000000000000",
                        "fulfillment": "FNAC.COM"
                    }
                ],
                "offerID": "00000000-0000-0000-0000-000000000000",
                "sellerType": "fnac",
                "sellerName": "FNAC.COM",
                "sellerID": "00000000-0000-0000-0000-000000000000",
                "sellerLocation": "Other",
                "condition": "new",
                "availability": "En Stock",
                "availabilityType": "in-stock",
                "availabilityID": "199"
            },
            "category": {
                "primaryCategoryID": "29",
                "subCategory1": "Téléphone Mobile",
                "subCategory1ID": "16049"
            },
            "linkedProduct": [],
            "price": {
                "basePrice": 1123.33,
                "basePriceWithTax": 1349.99,
                "currency": "EUR",
                "taxRate": 0.1666629574403371,
                "discount": 0.0,
                "shipping": 0.0,
                "shippingMethod": "Standard",
                "shippingMethodID": "1",
                "price": 1123.33,
                "priceWithTax": 1349.99
            }
        }
    ]
}