{
    "$schema": "https://www.fnac.com/json-schema/digital-data/custom-ceddl-01",
    "pageInstanceID": "production-fnaccom-fr-fr-FR-a18573417",
    "page": {
        "pageInfo": {
            "pageID": "a18573417",
            "pageName": "Apple iPhone 15 Pro 6,1\" 5G Double SIM 1 To Noir Titanium",
            "sysEnv": "FCS2WPWEBFR10",
            "breadCrumbs": [
                "Accueil",
                "Smartphones et Objets Connectés",
                "Smartphones reconditionnés",
                "iPhone reconditionné",
                "Apple iPhone 15 Pro 6,1\" 5G Double SIM 1 To Noir Titanium"
            ],
            "version": "22.1.24297.6",
            "issueDate": "2024-10-27T19:44:50.1138998Z",
            "destinationURL": "https://www.fnac.com/Apple-iPhone-15-Pro-6-1-5G-Double-SIM-1-To-Noir-Titanium/a18573417/w-4",
            "language": "fr-FR"
        },
        "attributes": {
            "environment": "production",
            "deviceType": "desktop-web",
            "siteID": "fnaccom",
            "marketID": "fr",
            "statusCode": 200,
            "statusText": "OK",
            "entityID": "1-18573417",
            "entityName": "Apple iPhone 15 Pro 6,1\" 5G Double SIM 1 To Noir Titanium"
        },
        "category": {
            "pageTemplate": "~/Nav/Core/Views/Article/Index.cshtml",
            "pageType": "product-page",
            "pathID": "520167",
            "primaryCategory": "Smartphones et Objets Connectés",
            "primaryCategoryID": "9455041",
            "virtualPrimaryCategoryId": "-54",
            "subCategory1": "Smartphones reconditionnés",
            "subCategory1ID": "9494896",
            "virtualSubCategory1Id": "9494896"
        }
    },
    "product": [
        {
            "productInfo": {
                "productID": "18573417",
                "productName": "Apple iPhone 15 Pro 6,1\" 5G Double SIM 1 To Noir Titanium",
                "description": "&bull; TAILL&Eacute; DANS LE TITANE &ndash; L&rsquo;iPhone 15 Pro pr&eacute;sente un design en titane de qualit&eacute; a&eacute;rospatiale, &agrave; la fois l&eacute;ger et r&eacute;sistant, et un dos en verre mat textur&eacute;. Il est &eacute;galement dot&eacute; d&rsquo;une face avant Ceramic Shield ultra-robuste et r&eacute;siste aux &eacute;claboussures, &agrave; l&rsquo;eau et &agrave; la poussi&egrave;re.&bull; &Eacute;CRAN AVANC&Eacute; &ndash; L&rsquo;&eacute;cran Super Retina XDR de 6,1&Prime; avec ProMotion pousse les taux de rafra...",
                "productURL": "https://www.fnac.com/Apple-iPhone-15-Pro-6-1-5G-Double-SIM-1-To-Noir-Titanium/a18573417/w-4",
                "manufacturer": "Apple",
                "sku": "9268104",
                "gtin": "0195949020735",
                "mpn": "MTVC3ZD/A"
            },
            "attributes": {
                "catalog": "newref",
                "nature": "physic",
                "type": "good",
                "currentOffer": {
                    "offerID": "c57e3f70-7bfc-5151-2fd8-76196b239854",
                    "sellerType": "professional",
                    "seller": "Rev Digital FR",
                    "sellerID": "17c3e886-500d-96a0-58dd-04e64cac6cf6",
                    "sellerLocation": "European",
                    "condition": "like-new",
                    "price": {
                        "basePrice": 1617.0,
                        "basePriceWithTax": 1617.0,
                        "currency": "EUR",
                        "taxRate": 0.0,
                        "discount": 0.0,
                        "shipping": 0.0,
                        "shippingMethod": "2",
                        "shippingMethodID": "2",
                        "price": 1617.0,
                        "priceWithTax": 1617.0
                    },
                    "offerURL": "https://www.fnac.com/Rev-Digital-FR/sref17C3E886-500D-96A0-58DD-04E64CAC6CF6",
                    "fulfillment": "Rev Digital FR"
                },
                "salesCategory": "5",
                "labRating": 4.0,
                "offer": [
                    {
                        "offerID": "00000000-0000-0000-0000-000000000000",
                        "sellerType": "fnac",
                        "seller": "FNAC.COM",
                        "sellerID": "00000000-0000-0000-0000-000000000000",
                        "sellerLocation": "Other",
                        "condition": "new",
                        "price": {
                            "basePrice": 1757.0,
                            "basePriceWithTax": 1757.0,
                            "currency": "EUR",
                            "taxRate": 0.0,
                            "discount": 0.0,
                            "shipping": 0.0,
                            "shippingMethod": "2",
                            "shippingMethodID": "2",
                            "price": 1757.0,
                            "priceWithTax": 1757.0
                        },
                        "offerURL": "https://www.fnac.com/FNAC-COM/sref00000000-0000-0000-0000-000000000000",
                        "fulfillment": "FNAC.COM"
                    },
                    {
                        "offerID": "c57e3f70-7bfc-5151-2fd8-76196b239854",
                        "sellerType": "professional",
                        "seller": "Rev Digital FR",
                        "sellerID": "17c3e886-500d-96a0-58dd-04e64cac6cf6",
                        "sellerLocation": "European",
                        "condition": "like-new",
                        "price": {
                            "basePrice": 1617.0,
                            "basePriceWithTax": 1617.0,
                            "currency": "EUR",
                            "taxRate": 0.0,
                            "discount": 0.0,
                            "shipping": 0.0,
                            "shippingMethod": "2",
                            "shippingMethodID": "2",
                            "price": 1617.0,
                            "priceWithTax": 1617.0
                        },
                        "offerURL": "https://www.fnac.com/Rev-Digital-FR/sref17C3E886-500D-96A0-58DD-04E64CAC6CF6",
                        "fulfillment": "Rev Digital FR"
                    },
                    {
                        "offerID": "bfa5674b-7b70-31a6-c851-067d6899a63f",
                        "sellerType": "professional",
                        "seller": "RPSTechnologies",
                        "sellerID": "eed20d12-ff6b-e571-fbf6-c8103f502bde",
                        "sellerLocation": "Local",
                        "condition": "good",
                        "price": {
                            "basePrice": 1469.0,
                            "basePriceWithTax": 1469.0,
                            "currency": "EUR",
                            "taxRate": 0.0,
                            "discount": 0.0,
                            "shipping": 8.29,
                            "shippingMethod": "2",
                            "shippingMethodID": "2",
                            "price": 1469.0,
                            "priceWithTax": 1469.0
                        },
                        "offerURL": "https://www.fnac.com/RPSTechnologies/srefEED20D12-FF6B-E571-FBF6-C8103F502BDE",
                        "fulfillment": "RPSTechnologies"
                    },
                    {
                        "offerID": "97ef8c5b-d071-91a8-2dde-ad88be7d4c25",
                        "sellerType": "professional",
                        "seller": "RPSTechnologies",
                        "sellerID": "eed20d12-ff6b-e571-fbf6-c8103f502bde",
                        "sellerLocation": "Local",
                        "condition": "very-good",
                        "price": {
                            "basePrice": 1475.0,
                            "basePriceWithTax": 1475.0,
                            "currency": "EUR",
                            "taxRate": 0.0,
                            "discount": 0.0,
                            "shipping": 8.29,
                            "shippingMethod": "2",
                            "shippingMethodID": "2",
                            "price": 1475.0,
                            "priceWithTax": 1475.0
                        },
                        "offerURL": "https://www.fnac.com/RPSTechnologies/srefEED20D12-FF6B-E571-FBF6-C8103F502BDE",
                        "fulfillment": "RPSTechnologies"
                    },
                    {
                        "offerID": "ea6d03e4-14a8-c673-07b2-fbe6fe1f718e",
                        "sellerType": "professional",
                        "seller": "RPSTechnologies",
                        "sellerID": "eed20d12-ff6b-e571-fbf6-c8103f502bde",
                        "sellerLocation": "Local",
                        "condition": "like-new",
                        "price": {
                            "basePrice": 1479.0,
                            "basePriceWithTax": 1479.0,
                            "currency": "EUR",
                            "taxRate": 0.0,
                            "discount": 0.0,
                            "shipping": 8.29,
                            "shippingMethod": "2",
                            "shippingMethodID": "2",
                            "price": 1479.0,
                            "priceWithTax": 1479.0
                        },
                        "offerURL": "https://www.fnac.com/RPSTechnologies/srefEED20D12-FF6B-E571-FBF6-C8103F502BDE",
                        "fulfillment": "RPSTechnologies"
                    }
                ],
                "offerID": "c57e3f70-7bfc-5151-2fd8-76196b239854",
                "sellerType": "professional",
                "sellerName": "Rev Digital FR",
                "sellerID": "17c3e886-500d-96a0-58dd-04e64cac6cf6",
                "sellerLocation": "European",
                "condition": "like-new",
                "availability": "Article indisponible",
                "availabilityType": "discontinued",
                "availabilityID": "103"
            },
            "category": {
                "primaryCategoryID": "29",
                "subCategory1": "Téléphone Mobile",
                "subCategory1ID": "16049"
            },
            "linkedProduct": [],
            "price": {
                "basePrice": 1617.0,
                "basePriceWithTax": 1617.0,
                "currency": "EUR",
                "taxRate": 0.0,
                "discount": 0.0,
                "shipping": 0.0,
                "shippingMethod": "2",
                "shippingMethodID": "2",
                "price": 1617.0,
                "priceWithTax": 1617.0
            }
        }
    ]
}