{
    "$schema": "https://www.fnac.com/json-schema/digital-data/custom-ceddl-01",
    "pageInstanceID": "production-fnaccom-fr-fr-FR-a19813586",
    "page": {
        "pageInfo": {
            "pageID": "a19813586",
            "pageName": "Apple iPhone 16 Plus 6,7\" 5G 128 Go Double SIM Noir",
            "sysEnv": "FCS1WPWEBFR17",
            "breadCrumbs": [
                "Accueil",
                "Smartphones et Objets Connectés",
                "iPhone",
                "Apple iPhone 16 Plus 6,7\" 5G 128 Go Double SIM Noir"
            ],
            "version": "22.1.24297.6",
            "issueDate": "2024-10-27T14:36:08.1710184Z",
            "destinationURL": "https://www.fnac.com/Apple-iPhone-16-Plus-6-7-5G-128-Go-Double-SIM-Noir/a19813586/w-4",
            "language": "fr-FR"
        },
        "attributes": {
            "environment": "production",
            "deviceType": "desktop-web",
            "siteID": "fnaccom",
            "marketID": "fr",
            "statusCode": 200,
            "statusText": "OK",
            "entityID": "1-19813586",
            "entityName": "Apple iPhone 16 Plus 6,7\" 5G 128 Go Double SIM Noir"
        },
        "category": {
            "pageTemplate": "~/Nav/Core/Views/Article/Index.cshtml",
            "pageType": "product-page",
            "pathID": "56549",
            "primaryCategory": "Smartphones et Objets Connectés",
            "primaryCategoryID": "9455041",
            "virtualPrimaryCategoryId": "-54"
        }
    },
    "product": [
        {
            "productInfo": {
                "productID": "19813586",
                "productName": "Apple iPhone 16 Plus 6,7\" 5G 128 Go Double SIM Noir",
                "description": "Vous pouvez maintenant prendre une photo ou une vidéo parfaite en un temps record. Commande de l’appareil photo vous offre un accès plus rapide aux outils photo et vidéo. Glissez simplement le doigt pour ajuster des réglages comme l’exposition ou la profondeur de champ, changer d’objectif ou cadrer avec le zoom numérique. À vous les commandes.Grâce à la polyvalence du nouveau système photo de l’iPhone 16, vous pouvez réaliser des clichés saisissants, de près comme de loin. La caméra Fusion 48 Mpx deux-en-un vous permet de capturer des images...",
                "productURL": "https://www.fnac.com/Apple-iPhone-16-Plus-6-7-5G-128-Go-Double-SIM-Noir/a19813586/w-4",
                "manufacturer": "Apple",
                "sku": "9278918",
                "gtin": "0195949722264",
                "mpn": "MXVU3ZD/A"
            },
            "attributes": {
                "catalog": "newref",
                "nature": "physic",
                "type": "good",
                "currentOffer": {
                    "offerID": "00000000-0000-0000-0000-000000000000",
                    "sellerType": "fnac",
                    "seller": "FNAC.COM",
                    "sellerID": "00000000-0000-0000-0000-000000000000",
                    "sellerLocation": "Other",
                    "condition": "new",
                    "price": {
                        "basePrice": 1117.99,
                        "basePriceWithTax": 1117.99,
                        "currency": "EUR",
                        "taxRate": 0.0,
                        "discount": 0.0,
                        "shipping": 0.0,
                        "shippingMethod": "2",
                        "shippingMethodID": "2",
                        "price": 1117.99,
                        "priceWithTax": 1117.99
                    },
                    "offerURL": "https://www.fnac.com/FNAC-COM/sref00000000-0000-0000-0000-000000000000",
                    "fulfillment": "FNAC.COM"
                },
                "salesCategory": "3",
                "userRating": 4.0,
                "offer": [
                    {
                        "offerID": "00000000-0000-0000-0000-000000000000",
                        "sellerType": "fnac",
                        "seller": "FNAC.COM",
                        "sellerID": "00000000-0000-0000-0000-000000000000",
                        "sellerLocation": "Other",
                        "condition": "new",
                        "price": {
                            "basePrice": 1117.99,
                            "basePriceWithTax": 1117.99,
                            "currency": "EUR",
                            "taxRate": 0.0,
                            "discount": 0.0,
                            "shipping": 0.0,
                            "shippingMethod": "2",
                            "shippingMethodID": "2",
                            "price": 1117.99,
                            "priceWithTax": 1117.99
                        },
                        "offerURL": "https://www.fnac.com/FNAC-COM/sref00000000-0000-0000-0000-000000000000",
                        "fulfillment": "FNAC.COM"
                    },
                    {
                        "offerID": "2670def5-1c4c-a1ed-6fab-6df1e391a044",
                        "sellerType": "professional",
                        "seller": "CoolKK",
                        "sellerID": "5dd5db6a-91c1-e884-2f7c-3f321f2a19a2",
                        "sellerLocation": "Local",
                        "condition": "like-new",
                        "price": {
                            "basePrice": 1059.99,
                            "basePriceWithTax": 1059.99,
                            "currency": "EUR",
                            "taxRate": 0.0,
                            "discount": 0.056604307587807434,
                            "shipping": 0.0,
                            "shippingMethod": "2",
                            "shippingMethodID": "2",
                            "price": 999.99,
                            "priceWithTax": 999.99
                        },
                        "offerURL": "https://www.fnac.com/CoolKK/sref5DD5DB6A-91C1-E884-2F7C-3F321F2A19A2",
                        "fulfillment": "CoolKK"
                    },
                    {
                        "offerID": "badc755e-c329-c0b6-3374-3be90835f6ed",
                        "sellerType": "professional",
                        "seller": "Fnac Ternes",
                        "sellerID": "a466f168-c8bf-ade2-a8d3-9150172c9cc6",
                        "sellerLocation": "Local",
                        "condition": "very-good",
                        "price": {
                            "basePrice": 1119.99,
                            "basePriceWithTax": 1119.99,
                            "currency": "EUR",
                            "taxRate": 0.0,
                            "discount": 0.05000044643255743,
                            "shipping": 0.0,
                            "shippingMethod": "2",
                            "shippingMethodID": "2",
                            "price": 1063.99,
                            "priceWithTax": 1063.99
                        },
                        "offerURL": "https://www.fnac.com/Fnac-Ternes/srefA466F168-C8BF-ADE2-A8D3-9150172C9CC6",
                        "fulfillment": "Fnac Ternes"
                    }
                ],
                "offerID": "00000000-0000-0000-0000-000000000000",
                "sellerType": "fnac",
                "sellerName": "FNAC.COM",
                "sellerID": "00000000-0000-0000-0000-000000000000",
                "sellerLocation": "Other",
                "condition": "new",
                "availability": "Bientôt en stock, expédié à partir du",
                "availabilityType": "out-of-stock",
                "availabilityID": "198"
            },
            "category": {
                "primaryCategoryID": "29",
                "subCategory1": "Téléphone Mobile",
                "subCategory1ID": "16049"
            },
            "linkedProduct": [],
            "price": {
                "basePrice": 931.66,
                "basePriceWithTax": 1119.99,
                "currency": "EUR",
                "taxRate": 0.1666651758960277,
                "discount": 0.0,
                "shipping": 0.0,
                "shippingMethod": "Standard",
                "shippingMethodID": "1",
                "price": 931.66,
                "priceWithTax": 1119.99
            }
        }
    ]
}