{
    "$schema": "https://www.fnac.com/json-schema/digital-data/custom-ceddl-01",
    "pageInstanceID": "production-fnaccom-fr-fr-FR-a18573503",
    "page": {
        "pageInfo": {
            "pageID": "a18573503",
            "pageName": "Apple iPhone 15 6,1\" 5G Double SIM 256 Go Noir",
            "sysEnv": "FCS2WPWEBFR17",
            "breadCrumbs": [
                "Accueil",
                "Smartphones et Objets Connectés",
                "iPhone",
                "Apple iPhone 15 6,1\" 5G Double SIM 256 Go Noir"
            ],
            "version": "22.1.24302.13",
            "issueDate": "2024-10-28T15:13:04.6058291Z",
            "destinationURL": "https://www.fnac.com/Apple-iPhone-15-6-1-5G-Double-SIM-256-Go-Noir/a18573503/w-4",
            "language": "fr-FR"
        },
        "attributes": {
            "environment": "production",
            "deviceType": "desktop-web",
            "siteID": "fnaccom",
            "marketID": "fr",
            "statusCode": 200,
            "statusText": "OK",
            "entityID": "1-18573503",
            "entityName": "Apple iPhone 15 6,1\" 5G Double SIM 256 Go Noir"
        },
        "category": {
            "pageTemplate": "~/Nav/Core/Views/Article/Index.cshtml",
            "pageType": "product-page",
            "pathID": "56549",
            "primaryCategory": "Smartphones et Objets Connectés",
            "primaryCategoryID": "9455041",
            "virtualPrimaryCategoryId": "-54"
        }
    },
    "product": [
        {
            "productInfo": {
                "productID": "18573503",
                "productName": "Apple iPhone 15 6,1\" 5G Double SIM 256 Go Noir",
                "description": "&bull; DYNAMIC ISLAND ARRIVE SUR L&rsquo;IPHONE 15 &ndash; Dynamic Island fait remonter vos alertes et Activit&eacute;s en direct, pour que rien ne vous &eacute;chappe quand vous avez l&rsquo;esprit ailleurs. Voyez qui vous appelle, v&eacute;rifiez le statut de votre vol et faites bien plus encore.&bull; DESIGN INNOVANT &ndash; L&rsquo;iPhone 15 pr&eacute;sente un design r&eacute;sistant en aluminium et verre teint&eacute; dans la masse. Il r&eacute;siste aux &eacute;claboussures, &agrave; l&rsquo;eau et &agrave; la poussi&egrave;re. Sa face...",
                "productURL": "https://www.fnac.com/Apple-iPhone-15-6-1-5G-Double-SIM-256-Go-Noir/a18573503/w-4",
                "manufacturer": "Apple",
                "sku": "9268220",
                "gtin": "0195949036965",
                "mpn": "MTP63ZD/A"
            },
            "attributes": {
                "catalog": "newref",
                "nature": "physic",
                "type": "good",
                "currentOffer": {
                    "offerID": "00000000-0000-0000-0000-000000000000",
                    "sellerType": "fnac",
                    "seller": "FNAC.COM",
                    "sellerID": "00000000-0000-0000-0000-000000000000",
                    "sellerLocation": "Other",
                    "condition": "new",
                    "price": {
                        "basePrice": 997.0,
                        "basePriceWithTax": 997.0,
                        "currency": "EUR",
                        "taxRate": 0.0,
                        "discount": 0.0,
                        "shipping": 0.0,
                        "shippingMethod": "2",
                        "shippingMethodID": "2",
                        "price": 997.0,
                        "priceWithTax": 997.0
                    },
                    "offerURL": "https://www.fnac.com/FNAC-COM/sref00000000-0000-0000-0000-000000000000",
                    "fulfillment": "FNAC.COM"
                },
                "salesCategory": "2",
                "userRating": 4.5,
                "labRating": 5.0,
                "offer": [
                    {
                        "offerID": "00000000-0000-0000-0000-000000000000",
                        "sellerType": "fnac",
                        "seller": "FNAC.COM",
                        "sellerID": "00000000-0000-0000-0000-000000000000",
                        "sellerLocation": "Other",
                        "condition": "new",
                        "price": {
                            "basePrice": 997.0,
                            "basePriceWithTax": 997.0,
                            "currency": "EUR",
                            "taxRate": 0.0,
                            "discount": 0.0,
                            "shipping": 0.0,
                            "shippingMethod": "2",
                            "shippingMethodID": "2",
                            "price": 997.0,
                            "priceWithTax": 997.0
                        },
                        "offerURL": "https://www.fnac.com/FNAC-COM/sref00000000-0000-0000-0000-000000000000",
                        "fulfillment": "FNAC.COM"
                    },
                    {
                        "offerID": "bbaeec81-0059-39fb-5b02-b7782b91e3d9",
                        "sellerType": "professional",
                        "seller": "Fnac 2nde vie",
                        "sellerID": "2a489857-6b1d-9b7d-6bb0-7a2a8a914ce2",
                        "sellerLocation": "Other",
                        "condition": "acceptable",
                        "price": {
                            "basePrice": 999.0,
                            "basePriceWithTax": 999.0,
                            "currency": "EUR",
                            "taxRate": 0.0,
                            "discount": 0.24025025025025026,
                            "shipping": 0.0,
                            "shippingMethod": "2",
                            "shippingMethodID": "2",
                            "price": 758.99,
                            "priceWithTax": 758.99
                        },
                        "offerURL": "https://www.fnac.com/Fnac-2nde-vie/sref2A489857-6B1D-9B7D-6BB0-7A2A8A914CE2",
                        "fulfillment": "Fnac 2nde vie"
                    },
                    {
                        "offerID": "c84de784-9758-4624-0755-232d035d45b7",
                        "sellerType": "professional",
                        "seller": "Nest Green",
                        "sellerID": "ea4bc972-f940-1d30-d717-5eef3f4d18f5",
                        "sellerLocation": "Local",
                        "condition": "like-new",
                        "price": {
                            "basePrice": 778.8,
                            "basePriceWithTax": 778.8,
                            "currency": "EUR",
                            "taxRate": 0.0,
                            "discount": 0.0,
                            "shipping": 0.0,
                            "shippingMethod": "2",
                            "shippingMethodID": "2",
                            "price": 778.8,
                            "priceWithTax": 778.8
                        },
                        "offerURL": "https://www.fnac.com/Nest-Green/srefEA4BC972-F940-1D30-D717-5EEF3F4D18F5",
                        "fulfillment": "Nest Green"
                    },
                    {
                        "offerID": "3f668946-ca6d-4fe6-9ed2-252784880275",
                        "sellerType": "professional",
                        "seller": "Smartfone - France",
                        "sellerID": "e4a3d97e-bb60-90ce-0432-2dea8f77e722",
                        "sellerLocation": "Local",
                        "condition": "like-new",
                        "price": {
                            "basePrice": 779.0,
                            "basePriceWithTax": 779.0,
                            "currency": "EUR",
                            "taxRate": 0.0,
                            "discount": 0.0,
                            "shipping": 0.0,
                            "shippingMethod": "2",
                            "shippingMethodID": "2",
                            "price": 779.0,
                            "priceWithTax": 779.0
                        },
                        "offerURL": "https://www.fnac.com/Smartfone-France/srefE4A3D97E-BB60-90CE-0432-2DEA8F77E722",
                        "fulfillment": "Smartfone - France"
                    },
                    {
                        "offerID": "cc97df29-b7ff-0a6e-bf64-7afe445bbd6d",
                        "sellerType": "professional",
                        "seller": "Nest Green",
                        "sellerID": "ea4bc972-f940-1d30-d717-5eef3f4d18f5",
                        "sellerLocation": "Local",
                        "condition": "acceptable",
                        "price": {
                            "basePrice": 799.0,
                            "basePriceWithTax": 799.0,
                            "currency": "EUR",
                            "taxRate": 0.0,
                            "discount": 0.0,
                            "shipping": 0.0,
                            "shippingMethod": "2",
                            "shippingMethodID": "2",
                            "price": 799.0,
                            "priceWithTax": 799.0
                        },
                        "offerURL": "https://www.fnac.com/Nest-Green/srefEA4BC972-F940-1D30-D717-5EEF3F4D18F5",
                        "fulfillment": "Nest Green"
                    },
                    {
                        "offerID": "b1628e30-989a-ec45-3e87-17778c2cdac3",
                        "sellerType": "professional",
                        "seller": "Nest Green",
                        "sellerID": "ea4bc972-f940-1d30-d717-5eef3f4d18f5",
                        "sellerLocation": "Local",
                        "condition": "good",
                        "price": {
                            "basePrice": 809.0,
                            "basePriceWithTax": 809.0,
                            "currency": "EUR",
                            "taxRate": 0.0,
                            "discount": 0.0,
                            "shipping": 0.0,
                            "shippingMethod": "2",
                            "shippingMethodID": "2",
                            "price": 809.0,
                            "priceWithTax": 809.0
                        },
                        "offerURL": "https://www.fnac.com/Nest-Green/srefEA4BC972-F940-1D30-D717-5EEF3F4D18F5",
                        "fulfillment": "Nest Green"
                    },
                    {
                        "offerID": "2c4969db-a5d9-d9df-284c-bb91aa686938",
                        "sellerType": "professional",
                        "seller": "Nest Green",
                        "sellerID": "ea4bc972-f940-1d30-d717-5eef3f4d18f5",
                        "sellerLocation": "Local",
                        "condition": "very-good",
                        "price": {
                            "basePrice": 839.0,
                            "basePriceWithTax": 839.0,
                            "currency": "EUR",
                            "taxRate": 0.0,
                            "discount": 0.0,
                            "shipping": 0.0,
                            "shippingMethod": "2",
                            "shippingMethodID": "2",
                            "price": 839.0,
                            "priceWithTax": 839.0
                        },
                        "offerURL": "https://www.fnac.com/Nest-Green/srefEA4BC972-F940-1D30-D717-5EEF3F4D18F5",
                        "fulfillment": "Nest Green"
                    },
                    {
                        "offerID": "416f4af3-4261-7ecf-cdb2-9a38b9b09d3a",
                        "sellerType": "professional",
                        "seller": "Fnac Bercy",
                        "sellerID": "c90ad1c3-5099-9274-06e1-95abc8badec7",
                        "sellerLocation": "Other",
                        "condition": "very-good",
                        "price": {
                            "basePrice": 1099.0,
                            "basePriceWithTax": 1099.0,
                            "currency": "EUR",
                            "taxRate": 0.0,
                            "discount": 0.0,
                            "shipping": 0.0,
                            "shippingMethod": "2",
                            "shippingMethodID": "2",
                            "price": 1099.0,
                            "priceWithTax": 1099.0
                        },
                        "offerURL": "https://www.fnac.com/Fnac-Bercy/srefC90AD1C3-5099-9274-06E1-95ABC8BADEC7",
                        "fulfillment": "Fnac Bercy"
                    },
                    {
                        "offerID": "c562a932-0e2a-d20d-0d86-8875c64dc1e8",
                        "sellerType": "professional",
                        "seller": "PcPhoneService",
                        "sellerID": "8b47f0e9-f0a8-837a-d1e0-7df9fd46b2fc",
                        "sellerLocation": "Other",
                        "condition": "like-new",
                        "price": {
                            "basePrice": 1200.0,
                            "basePriceWithTax": 1200.0,
                            "currency": "EUR",
                            "taxRate": 0.0,
                            "discount": 0.0,
                            "shipping": 8.29,
                            "shippingMethod": "2",
                            "shippingMethodID": "2",
                            "price": 1200.0,
                            "priceWithTax": 1200.0
                        },
                        "offerURL": "https://www.fnac.com/PcPhoneService/sref8B47F0E9-F0A8-837A-D1E0-7DF9FD46B2FC",
                        "fulfillment": "PcPhoneService"
                    },
                    {
                        "offerID": "6a775665-f054-0c9c-b189-b35d833dbe71",
                        "sellerType": "professional",
                        "seller": "Reniuved",
                        "sellerID": "8db89030-9670-f7ff-2a6d-99b798853cbd",
                        "sellerLocation": "Other",
                        "condition": "like-new",
                        "price": {
                            "basePrice": 778.9,
                            "basePriceWithTax": 778.9,
                            "currency": "EUR",
                            "taxRate": 0.0,
                            "discount": 0.0,
                            "shipping": 0.0,
                            "shippingMethod": "2",
                            "shippingMethodID": "2",
                            "price": 778.9,
                            "priceWithTax": 778.9
                        },
                        "offerURL": "https://www.fnac.com/Reniuved/sref8DB89030-9670-F7FF-2A6D-99B798853CBD",
                        "fulfillment": "Reniuved"
                    },
                    {
                        "offerID": "7ac52423-0d06-83e6-cc03-2030f9ad4850",
                        "sellerType": "professional",
                        "seller": "Npie",
                        "sellerID": "a17e812f-b852-459f-ae3b-702cdfc908cf",
                        "sellerLocation": "Other",
                        "condition": "like-new",
                        "price": {
                            "basePrice": 837.09,
                            "basePriceWithTax": 837.09,
                            "currency": "EUR",
                            "taxRate": 0.0,
                            "discount": 0.0,
                            "shipping": 0.0,
                            "shippingMethod": "2",
                            "shippingMethodID": "2",
                            "price": 837.09,
                            "priceWithTax": 837.09
                        },
                        "offerURL": "https://www.fnac.com/Npie/srefA17E812F-B852-459F-AE3B-702CDFC908CF",
                        "fulfillment": "Npie"
                    },
                    {
                        "offerID": "4f17c663-a9d1-50c9-530f-e02d610ca59b",
                        "sellerType": "professional",
                        "seller": "Alloccaz",
                        "sellerID": "392d3f1a-6f54-d652-90a1-42e695943c52",
                        "sellerLocation": "Local",
                        "condition": "like-new",
                        "price": {
                            "basePrice": 838.0,
                            "basePriceWithTax": 838.0,
                            "currency": "EUR",
                            "taxRate": 0.0,
                            "discount": 0.0,
                            "shipping": 0.0,
                            "shippingMethod": "2",
                            "shippingMethodID": "2",
                            "price": 838.0,
                            "priceWithTax": 838.0
                        },
                        "offerURL": "https://www.fnac.com/Alloccaz/sref392D3F1A-6F54-D652-90A1-42E695943C52",
                        "fulfillment": "Alloccaz"
                    },
                    {
                        "offerID": "56a8bc32-b91d-8cfb-b189-84c48b33c078",
                        "sellerType": "professional",
                        "seller": "Fnac Champs-Elysees",
                        "sellerID": "d59a6f4c-f31d-9494-1e84-9afed815178b",
                        "sellerLocation": "Other",
                        "condition": "good",
                        "price": {
                            "basePrice": 999.0,
                            "basePriceWithTax": 999.0,
                            "currency": "EUR",
                            "taxRate": 0.0,
                            "discount": 0.12013013013013013,
                            "shipping": 0.0,
                            "shippingMethod": "2",
                            "shippingMethodID": "2",
                            "price": 878.99,
                            "priceWithTax": 878.99
                        },
                        "offerURL": "https://www.fnac.com/Fnac-Champs-Elysees/srefD59A6F4C-F31D-9494-1E84-9AFED815178B",
                        "fulfillment": "Fnac Champs-Elysees"
                    },
                    {
                        "offerID": "85788518-3361-b63b-1801-d4b97ff7a3d8",
                        "sellerType": "professional",
                        "seller": "Fnac Champs-Elysees",
                        "sellerID": "d59a6f4c-f31d-9494-1e84-9afed815178b",
                        "sellerLocation": "Other",
                        "condition": "very-good",
                        "price": {
                            "basePrice": 999.0,
                            "basePriceWithTax": 999.0,
                            "currency": "EUR",
                            "taxRate": 0.0,
                            "discount": 0.1001101101101101,
                            "shipping": 0.0,
                            "shippingMethod": "2",
                            "shippingMethodID": "2",
                            "price": 898.99,
                            "priceWithTax": 898.99
                        },
                        "offerURL": "https://www.fnac.com/Fnac-Champs-Elysees/srefD59A6F4C-F31D-9494-1E84-9AFED815178B",
                        "fulfillment": "Fnac Champs-Elysees"
                    },
                    {
                        "offerID": "cf950110-f747-fd87-5286-64565788e24b",
                        "sellerType": "professional",
                        "seller": "Fnac Rouen",
                        "sellerID": "fbec56a9-d912-890b-6eea-090478af0d9a",
                        "sellerLocation": "Other",
                        "condition": "very-good",
                        "price": {
                            "basePrice": 999.0,
                            "basePriceWithTax": 999.0,
                            "currency": "EUR",
                            "taxRate": 0.0,
                            "discount": 0.1001101101101101,
                            "shipping": 0.0,
                            "shippingMethod": "2",
                            "shippingMethodID": "2",
                            "price": 898.99,
                            "priceWithTax": 898.99
                        },
                        "offerURL": "https://www.fnac.com/Fnac-Rouen/srefFBEC56A9-D912-890B-6EEA-090478AF0D9A",
                        "fulfillment": "Fnac Rouen"
                    },
                    {
                        "offerID": "26a26e27-55a0-97df-8b4c-54c6a7d0ed16",
                        "sellerType": "professional",
                        "seller": "RPSTechnologies",
                        "sellerID": "eed20d12-ff6b-e571-fbf6-c8103f502bde",
                        "sellerLocation": "Local",
                        "condition": "good",
                        "price": {
                            "basePrice": 949.0,
                            "basePriceWithTax": 949.0,
                            "currency": "EUR",
                            "taxRate": 0.0,
                            "discount": 0.0,
                            "shipping": 8.29,
                            "shippingMethod": "2",
                            "shippingMethodID": "2",
                            "price": 949.0,
                            "priceWithTax": 949.0
                        },
                        "offerURL": "https://www.fnac.com/RPSTechnologies/srefEED20D12-FF6B-E571-FBF6-C8103F502BDE",
                        "fulfillment": "RPSTechnologies"
                    },
                    {
                        "offerID": "9bf1721b-9768-3dfd-c7ae-9ca71127457c",
                        "sellerType": "professional",
                        "seller": "RPSTechnologies",
                        "sellerID": "eed20d12-ff6b-e571-fbf6-c8103f502bde",
                        "sellerLocation": "Local",
                        "condition": "very-good",
                        "price": {
                            "basePrice": 959.0,
                            "basePriceWithTax": 959.0,
                            "currency": "EUR",
                            "taxRate": 0.0,
                            "discount": 0.0,
                            "shipping": 8.29,
                            "shippingMethod": "2",
                            "shippingMethodID": "2",
                            "price": 959.0,
                            "priceWithTax": 959.0
                        },
                        "offerURL": "https://www.fnac.com/RPSTechnologies/srefEED20D12-FF6B-E571-FBF6-C8103F502BDE",
                        "fulfillment": "RPSTechnologies"
                    },
                    {
                        "offerID": "ca6c1655-351b-7461-2200-e062c9294046",
                        "sellerType": "professional",
                        "seller": "RPSTechnologies",
                        "sellerID": "eed20d12-ff6b-e571-fbf6-c8103f502bde",
                        "sellerLocation": "Local",
                        "condition": "like-new",
                        "price": {
                            "basePrice": 969.0,
                            "basePriceWithTax": 969.0,
                            "currency": "EUR",
                            "taxRate": 0.0,
                            "discount": 0.0,
                            "shipping": 8.29,
                            "shippingMethod": "2",
                            "shippingMethodID": "2",
                            "price": 969.0,
                            "priceWithTax": 969.0
                        },
                        "offerURL": "https://www.fnac.com/RPSTechnologies/srefEED20D12-FF6B-E571-FBF6-C8103F502BDE",
                        "fulfillment": "RPSTechnologies"
                    }
                ],
                "offerID": "00000000-0000-0000-0000-000000000000",
                "sellerType": "fnac",
                "sellerName": "FNAC.COM",
                "sellerID": "00000000-0000-0000-0000-000000000000",
                "sellerLocation": "Other",
                "condition": "new",
                "availability": "En Stock",
                "availabilityType": "in-stock",
                "availabilityID": "199"
            },
            "category": {
                "primaryCategoryID": "29",
                "subCategory1": "Téléphone Mobile",
                "subCategory1ID": "16049"
            },
            "linkedProduct": [],
            "price": {
                "basePrice": 830.83,
                "basePriceWithTax": 999.0,
                "currency": "EUR",
                "taxRate": 0.16667001003009027,
                "discount": 0.0,
                "shipping": 0.0,
                "shippingMethod": "Standard",
                "shippingMethodID": "1",
                "price": 830.83,
                "priceWithTax": 999.0
            }
        }
    ]
}