{
    "$schema": "https://www.fnac.com/json-schema/digital-data/custom-ceddl-01",
    "pageInstanceID": "production-fnaccom-fr-fr-FR-a18573484",
    "page": {
        "pageInfo": {
            "pageID": "a18573484",
            "pageName": "Apple iPhone 15 Pro Max 6,7\" 5G Double SIM 1 To Noir Titanium",
            "sysEnv": "FCS2WPWEBFR15",
            "breadCrumbs": [
                "Accueil",
                "Smartphones et Objets Connectés",
                "iPhone",
                "Apple iPhone 15 Pro Max 6,7\" 5G Double SIM 1 To Noir Titanium"
            ],
            "version": "22.1.24297.6",
            "issueDate": "2024-10-28T01:57:59.5196873Z",
            "destinationURL": "https://www.fnac.com/Apple-iPhone-15-Pro-Max-6-7-5G-Double-SIM-1-To-Noir-Titanium/a18573484/w-4",
            "language": "fr-FR"
        },
        "attributes": {
            "environment": "production",
            "deviceType": "desktop-web",
            "siteID": "fnaccom",
            "marketID": "fr",
            "statusCode": 200,
            "statusText": "OK",
            "entityID": "1-18573484",
            "entityName": "Apple iPhone 15 Pro Max 6,7\" 5G Double SIM 1 To Noir Titanium"
        },
        "category": {
            "pageTemplate": "~/Nav/Core/Views/Article/Index.cshtml",
            "pageType": "product-page",
            "pathID": "56549",
            "primaryCategory": "Smartphones et Objets Connectés",
            "primaryCategoryID": "9455041",
            "virtualPrimaryCategoryId": "-54"
        }
    },
    "product": [
        {
            "productInfo": {
                "productID": "18573484",
                "productName": "Apple iPhone 15 Pro Max 6,7\" 5G Double SIM 1 To Noir Titanium",
                "description": "&bull; TAILL&Eacute; DANS LE TITANE &ndash; L&rsquo;iPhone 15 Pro Max pr&eacute;sente un design en titane de qualit&eacute; a&eacute;rospatiale, &agrave; la fois l&eacute;ger et r&eacute;sistant, et un dos en verre mat textur&eacute;. Il est &eacute;galement dot&eacute; d&rsquo;une face avant Ceramic Shield ultra-robuste et r&eacute;siste aux &eacute;claboussures, &agrave; l&rsquo;eau et &agrave; la poussi&egrave;re.&bull; &Eacute;CRAN AVANC&Eacute; &ndash; L&rsquo;&eacute;cran Super Retina XDR de 6,7&Prime; avec ProMotion pousse les taux de...",
                "productURL": "https://www.fnac.com/Apple-iPhone-15-Pro-Max-6-7-5G-Double-SIM-1-To-Noir-Titanium/a18573484/w-4",
                "manufacturer": "Apple",
                "sku": "9268130",
                "gtin": "0195949049699",
                "mpn": "MU7G3ZD/A"
            },
            "attributes": {
                "catalog": "newref",
                "nature": "physic",
                "type": "good",
                "currentOffer": {
                    "offerID": "00000000-0000-0000-0000-000000000000",
                    "sellerType": "fnac",
                    "seller": "FNAC.COM",
                    "sellerID": "00000000-0000-0000-0000-000000000000",
                    "sellerLocation": "Other",
                    "condition": "new",
                    "price": {
                        "basePrice": 1857.0,
                        "basePriceWithTax": 1857.0,
                        "currency": "EUR",
                        "taxRate": 0.0,
                        "discount": 0.0,
                        "shipping": 0.0,
                        "shippingMethod": "2",
                        "shippingMethodID": "2",
                        "price": 1857.0,
                        "priceWithTax": 1857.0
                    },
                    "offerURL": "https://www.fnac.com/FNAC-COM/sref00000000-0000-0000-0000-000000000000",
                    "fulfillment": "FNAC.COM"
                },
                "salesCategory": "5",
                "userRating": 5.0,
                "labRating": 5.0,
                "offer": [
                    {
                        "offerID": "00000000-0000-0000-0000-000000000000",
                        "sellerType": "fnac",
                        "seller": "FNAC.COM",
                        "sellerID": "00000000-0000-0000-0000-000000000000",
                        "sellerLocation": "Other",
                        "condition": "new",
                        "price": {
                            "basePrice": 1857.0,
                            "basePriceWithTax": 1857.0,
                            "currency": "EUR",
                            "taxRate": 0.0,
                            "discount": 0.0,
                            "shipping": 0.0,
                            "shippingMethod": "2",
                            "shippingMethodID": "2",
                            "price": 1857.0,
                            "priceWithTax": 1857.0
                        },
                        "offerURL": "https://www.fnac.com/FNAC-COM/sref00000000-0000-0000-0000-000000000000",
                        "fulfillment": "FNAC.COM"
                    },
                    {
                        "offerID": "1450b12e-78b9-ea39-7fee-0932910c23b5",
                        "sellerType": "professional",
                        "seller": "Rev Digital FR",
                        "sellerID": "17c3e886-500d-96a0-58dd-04e64cac6cf6",
                        "sellerLocation": "European",
                        "condition": "like-new",
                        "price": {
                            "basePrice": 1403.0,
                            "basePriceWithTax": 1403.0,
                            "currency": "EUR",
                            "taxRate": 0.0,
                            "discount": 0.0,
                            "shipping": 0.0,
                            "shippingMethod": "2",
                            "shippingMethodID": "2",
                            "price": 1403.0,
                            "priceWithTax": 1403.0
                        },
                        "offerURL": "https://www.fnac.com/Rev-Digital-FR/sref17C3E886-500D-96A0-58DD-04E64CAC6CF6",
                        "fulfillment": "Rev Digital FR"
                    },
                    {
                        "offerID": "53e18782-eed4-2063-36d3-1d9477a43924",
                        "sellerType": "professional",
                        "seller": "e-Recycle - Reconditionné en France",
                        "sellerID": "9beb6541-7989-6389-8073-9913499a87e5",
                        "sellerLocation": "Local",
                        "condition": "like-new",
                        "price": {
                            "basePrice": 1319.9,
                            "basePriceWithTax": 1319.9,
                            "currency": "EUR",
                            "taxRate": 0.0,
                            "discount": 0.0,
                            "shipping": 0.0,
                            "shippingMethod": "2",
                            "shippingMethodID": "2",
                            "price": 1319.9,
                            "priceWithTax": 1319.9
                        },
                        "offerURL": "https://www.fnac.com/e-Recycle-Reconditionne-en-France/sref9BEB6541-7989-6389-8073-9913499A87E5",
                        "fulfillment": "e-Recycle - Reconditionné en France"
                    },
                    {
                        "offerID": "e4559575-6808-1d46-65c0-5331c732b59a",
                        "sellerType": "professional",
                        "seller": "RPSTechnologies",
                        "sellerID": "eed20d12-ff6b-e571-fbf6-c8103f502bde",
                        "sellerLocation": "Local",
                        "condition": "good",
                        "price": {
                            "basePrice": 1479.0,
                            "basePriceWithTax": 1479.0,
                            "currency": "EUR",
                            "taxRate": 0.0,
                            "discount": 0.0,
                            "shipping": 8.29,
                            "shippingMethod": "2",
                            "shippingMethodID": "2",
                            "price": 1479.0,
                            "priceWithTax": 1479.0
                        },
                        "offerURL": "https://www.fnac.com/RPSTechnologies/srefEED20D12-FF6B-E571-FBF6-C8103F502BDE",
                        "fulfillment": "RPSTechnologies"
                    },
                    {
                        "offerID": "bd23a42c-f096-6be0-73ba-bbc87806d168",
                        "sellerType": "professional",
                        "seller": "RPSTechnologies",
                        "sellerID": "eed20d12-ff6b-e571-fbf6-c8103f502bde",
                        "sellerLocation": "Local",
                        "condition": "very-good",
                        "price": {
                            "basePrice": 1489.0,
                            "basePriceWithTax": 1489.0,
                            "currency": "EUR",
                            "taxRate": 0.0,
                            "discount": 0.0,
                            "shipping": 8.29,
                            "shippingMethod": "2",
                            "shippingMethodID": "2",
                            "price": 1489.0,
                            "priceWithTax": 1489.0
                        },
                        "offerURL": "https://www.fnac.com/RPSTechnologies/srefEED20D12-FF6B-E571-FBF6-C8103F502BDE",
                        "fulfillment": "RPSTechnologies"
                    },
                    {
                        "offerID": "678f3b8a-1e5a-46ac-de29-1c280c02cec4",
                        "sellerType": "professional",
                        "seller": "RPSTechnologies",
                        "sellerID": "eed20d12-ff6b-e571-fbf6-c8103f502bde",
                        "sellerLocation": "Local",
                        "condition": "like-new",
                        "price": {
                            "basePrice": 1499.0,
                            "basePriceWithTax": 1499.0,
                            "currency": "EUR",
                            "taxRate": 0.0,
                            "discount": 0.0,
                            "shipping": 8.29,
                            "shippingMethod": "2",
                            "shippingMethodID": "2",
                            "price": 1499.0,
                            "priceWithTax": 1499.0
                        },
                        "offerURL": "https://www.fnac.com/RPSTechnologies/srefEED20D12-FF6B-E571-FBF6-C8103F502BDE",
                        "fulfillment": "RPSTechnologies"
                    }
                ],
                "offerID": "00000000-0000-0000-0000-000000000000",
                "sellerType": "fnac",
                "sellerName": "FNAC.COM",
                "sellerID": "00000000-0000-0000-0000-000000000000",
                "sellerLocation": "Other",
                "condition": "new",
                "availability": "En Stock",
                "availabilityType": "in-stock",
                "availabilityID": "199"
            },
            "category": {
                "primaryCategoryID": "29",
                "subCategory1": "Téléphone Mobile",
                "subCategory1ID": "16049"
            },
            "linkedProduct": [],
            "price": {
                "basePrice": 1547.5,
                "basePriceWithTax": 1859.0,
                "currency": "EUR",
                "taxRate": 0.16666666666666666,
                "discount": 0.0,
                "shipping": 0.0,
                "shippingMethod": "Standard",
                "shippingMethodID": "1",
                "price": 1547.5,
                "priceWithTax": 1859.0
            }
        }
    ]
}